workerid,gender,language,income,age,order,categoryID,animal,adjective
A1T8NLL1O0Q1J,F,English,11,45,1,3,bear,scary
A1T8NLL1O0Q1J,F,English,11,45,2,22,owl,wise
A1T8NLL1O0Q1J,F,English,11,45,3,13,fish,aquatic
A1T8NLL1O0Q1J,F,English,11,45,4,15,frog,slimy
A1T8NLL1O0Q1J,F,English,11,45,5,2,bat,caged
A1T8NLL1O0Q1J,F,English,11,45,6,24,penguin,cute
A1T8NLL1O0Q1J,F,English,11,45,7,10,dolphin,friendly
A1T8NLL1O0Q1J,F,English,11,45,8,18,horse,giant
A1T8NLL1O0Q1J,F,English,11,45,9,4,bee,yellow
A1T8NLL1O0Q1J,F,English,11,45,10,30,wolf,crafty
A1T8NLL1O0Q1J,F,English,11,45,11,7,cat,hairy
A1T8NLL1O0Q1J,F,English,11,45,12,26,rabbit,fluffy
A1T8NLL1O0Q1J,F,English,11,45,13,20,lion,courageous
A1T8NLL1O0Q1J,F,English,11,45,14,1,ant,mighty
A1T8NLL1O0Q1J,F,English,11,45,15,19,kangaroo,fun loving
A1T8NLL1O0Q1J,F,English,11,45,16,31,zebra,exotic
A1T8NLL1O0Q1J,F,English,11,45,17,21,monkey,playful
A1T8NLL1O0Q1J,F,English,11,45,18,28,tiger,regal
A1T8NLL1O0Q1J,F,English,11,45,19,17,goat,horny
A1T8NLL1O0Q1J,F,English,11,45,20,12,elephant,gigantic
A1T8NLL1O0Q1J,F,English,11,45,21,23,ox,strong
A1T8NLL1O0Q1J,F,English,11,45,22,11,duck,cuddly
A1T8NLL1O0Q1J,F,English,11,45,23,8,cow,smelly
A1T8NLL1O0Q1J,F,English,11,45,24,16,goose,soft
A1T8NLL1O0Q1J,F,English,11,45,25,27,sheep,annoying
A1T8NLL1O0Q1J,F,English,11,45,26,6,buffalo,wild
A1T8NLL1O0Q1J,F,English,11,45,27,29,whale,humpback
A1T8NLL1O0Q1J,F,English,11,45,28,5,bird,loud
A1T8NLL1O0Q1J,F,English,11,45,29,9,dog,loyal
A1T8NLL1O0Q1J,F,English,11,45,30,14,fox,sly
A1T8NLL1O0Q1J,F,English,11,45,31,32,shark,intimidating
A1T8NLL1O0Q1J,F,English,11,45,32,25,pig,filthy
A28I79QOYVQOFG,M,english,4,35,1,21,monkey,crazy
A28I79QOYVQOFG,M,english,4,35,2,17,goat,weird
A28I79QOYVQOFG,M,english,4,35,3,11,duck,funny
A28I79QOYVQOFG,M,english,4,35,4,15,frog,slimy
A28I79QOYVQOFG,M,english,4,35,5,23,ox,big
A28I79QOYVQOFG,M,english,4,35,6,3,bear,furry
A28I79QOYVQOFG,M,english,4,35,7,26,rabbit,cute
A28I79QOYVQOFG,M,english,4,35,8,20,lion,massive
A28I79QOYVQOFG,M,english,4,35,9,25,pig,smelly
A28I79QOYVQOFG,M,english,4,35,10,24,penguin,smart
A28I79QOYVQOFG,M,english,4,35,11,22,owl,scary
A28I79QOYVQOFG,M,english,4,35,12,29,whale,huge
A28I79QOYVQOFG,M,english,4,35,13,8,cow,important
A28I79QOYVQOFG,M,english,4,35,14,9,dog,perfect
A28I79QOYVQOFG,M,english,4,35,15,12,elephant,gray
A28I79QOYVQOFG,M,english,4,35,16,6,buffalo,extinct
A28I79QOYVQOFG,M,english,4,35,17,19,kangaroo,jumpy
A28I79QOYVQOFG,M,english,4,35,18,28,tiger,striped
A28I79QOYVQOFG,M,english,4,35,19,13,fish,smelly
A28I79QOYVQOFG,M,english,4,35,20,30,wolf,cunning
A28I79QOYVQOFG,M,english,4,35,21,32,shark,fierce
A28I79QOYVQOFG,M,english,4,35,22,5,bird,flighty
A28I79QOYVQOFG,M,english,4,35,23,27,sheep,warm
A28I79QOYVQOFG,M,english,4,35,24,31,zebra,unique
A28I79QOYVQOFG,M,english,4,35,25,2,bat,dangerous
A28I79QOYVQOFG,M,english,4,35,26,4,bee,hurtful
A28I79QOYVQOFG,M,english,4,35,27,1,ant,annoying
A28I79QOYVQOFG,M,english,4,35,28,10,dolphin,sweet
A28I79QOYVQOFG,M,english,4,35,29,18,horse,sketchy
A28I79QOYVQOFG,M,english,4,35,30,7,cat,curious
A28I79QOYVQOFG,M,english,4,35,31,16,goose,comedy
A28I79QOYVQOFG,M,english,4,35,32,14,fox,nimble
ARNTOT4L28BBP,M,english,10,55,1,16,goose,bird
ARNTOT4L28BBP,M,english,10,55,2,10,dolphin,mammal
ARNTOT4L28BBP,M,english,10,55,3,5,bird,pretty
ARNTOT4L28BBP,M,english,10,55,4,31,zebra,not a horse
ARNTOT4L28BBP,M,english,10,55,5,30,wolf,doggie
ARNTOT4L28BBP,M,english,10,55,6,27,sheep,supper
ARNTOT4L28BBP,M,english,10,55,7,24,penguin,swimmer
ARNTOT4L28BBP,M,english,10,55,8,26,rabbit,lunch
ARNTOT4L28BBP,M,english,10,55,9,11,duck,roasted
ARNTOT4L28BBP,M,english,10,55,10,32,shark,bbq
ARNTOT4L28BBP,M,english,10,55,11,3,bear,rug
ARNTOT4L28BBP,M,english,10,55,12,29,whale,sushi
ARNTOT4L28BBP,M,english,10,55,13,1,ant,annoying
ARNTOT4L28BBP,M,english,10,55,14,25,pig,bacon
ARNTOT4L28BBP,M,english,10,55,15,20,lion,king
ARNTOT4L28BBP,M,english,10,55,16,23,ox,puller
ARNTOT4L28BBP,M,english,10,55,17,7,cat,lap warmer
ARNTOT4L28BBP,M,english,10,55,18,17,goat,self propelled lawnmower
ARNTOT4L28BBP,M,english,10,55,19,9,dog,buddy
ARNTOT4L28BBP,M,english,10,55,20,4,bee,friend
ARNTOT4L28BBP,M,english,10,55,21,14,fox,wily
ARNTOT4L28BBP,M,english,10,55,22,8,cow,hamburgers
ARNTOT4L28BBP,M,english,10,55,23,12,elephant,fun
ARNTOT4L28BBP,M,english,10,55,24,6,buffalo,america
ARNTOT4L28BBP,M,english,10,55,25,22,owl,smart
ARNTOT4L28BBP,M,english,10,55,26,18,horse,ride
ARNTOT4L28BBP,M,english,10,55,27,13,fish,gumbo
ARNTOT4L28BBP,M,english,10,55,28,15,frog,legs
ARNTOT4L28BBP,M,english,10,55,29,2,bat,exterminator
ARNTOT4L28BBP,M,english,10,55,30,21,monkey,filthy
ARNTOT4L28BBP,M,english,10,55,31,19,kangaroo,aussie burgers
ARNTOT4L28BBP,M,english,10,55,32,28,tiger,population control
A2IASXMEJ90PQY,F,English,6,35,1,12,elephant,gray
A2IASXMEJ90PQY,F,English,6,35,2,16,goose,loud
A2IASXMEJ90PQY,F,English,6,35,3,2,bat,black
A2IASXMEJ90PQY,F,English,6,35,4,13,fish,slick
A2IASXMEJ90PQY,F,English,6,35,5,22,owl,hooter
A2IASXMEJ90PQY,F,English,6,35,6,15,frog,green
A2IASXMEJ90PQY,F,English,6,35,7,24,penguin,cute
A2IASXMEJ90PQY,F,English,6,35,8,25,pig,fat
A2IASXMEJ90PQY,F,English,6,35,9,1,ant,tiny
A2IASXMEJ90PQY,F,English,6,35,10,32,shark,strong
A2IASXMEJ90PQY,F,English,6,35,11,29,whale,huge
A2IASXMEJ90PQY,F,English,6,35,12,3,bear,brown
A2IASXMEJ90PQY,F,English,6,35,13,5,bird,feathery
A2IASXMEJ90PQY,F,English,6,35,14,17,goat,wanderer
A2IASXMEJ90PQY,F,English,6,35,15,31,zebra,striped
A2IASXMEJ90PQY,F,English,6,35,16,4,bee,small
A2IASXMEJ90PQY,F,English,6,35,17,23,ox,strong
A2IASXMEJ90PQY,F,English,6,35,18,26,rabbit,soft
A2IASXMEJ90PQY,F,English,6,35,19,7,cat,warm
A2IASXMEJ90PQY,F,English,6,35,20,11,duck,quacker
A2IASXMEJ90PQY,F,English,6,35,21,8,cow,spotted
A2IASXMEJ90PQY,F,English,6,35,22,20,lion,strong
A2IASXMEJ90PQY,F,English,6,35,23,28,tiger,striped
A2IASXMEJ90PQY,F,English,6,35,24,18,horse,bumpy
A2IASXMEJ90PQY,F,English,6,35,25,30,wolf,howler
A2IASXMEJ90PQY,F,English,6,35,26,21,monkey,silly
A2IASXMEJ90PQY,F,English,6,35,27,6,buffalo,big
A2IASXMEJ90PQY,F,English,6,35,28,10,dolphin,smart
A2IASXMEJ90PQY,F,English,6,35,29,19,kangaroo,brown
A2IASXMEJ90PQY,F,English,6,35,30,14,fox,sly
A2IASXMEJ90PQY,F,English,6,35,31,9,dog,cuddly
A2IASXMEJ90PQY,F,English,6,35,32,27,sheep,wooly
AKG7VBOY97HKA,F,English,4,66,1,13,fish,small
AKG7VBOY97HKA,F,English,4,66,2,14,fox,red
AKG7VBOY97HKA,F,English,4,66,3,19,kangaroo,tall
AKG7VBOY97HKA,F,English,4,66,4,8,cow,black
AKG7VBOY97HKA,F,English,4,66,5,10,dolphin,brown
AKG7VBOY97HKA,F,English,4,66,6,9,dog,boxer
AKG7VBOY97HKA,F,English,4,66,7,1,ant,small'
AKG7VBOY97HKA,F,English,4,66,8,7,cat,gray
AKG7VBOY97HKA,F,English,4,66,9,23,ox,big
AKG7VBOY97HKA,F,English,4,66,10,29,whale,bigger
AKG7VBOY97HKA,F,English,4,66,11,31,zebra,striped
AKG7VBOY97HKA,F,English,4,66,12,32,shark,killer
AKG7VBOY97HKA,F,English,4,66,13,26,rabbit,small
AKG7VBOY97HKA,F,English,4,66,14,25,pig,dirty
AKG7VBOY97HKA,F,English,4,66,15,16,goose,long
AKG7VBOY97HKA,F,English,4,66,16,2,bat,ugly
AKG7VBOY97HKA,F,English,4,66,17,6,buffalo,big
AKG7VBOY97HKA,F,English,4,66,18,22,owl,little
AKG7VBOY97HKA,F,English,4,66,19,11,duck,white
AKG7VBOY97HKA,F,English,4,66,20,17,goat,white
AKG7VBOY97HKA,F,English,4,66,21,28,tiger,stripped
AKG7VBOY97HKA,F,English,4,66,22,24,penguin,little
AKG7VBOY97HKA,F,English,4,66,23,18,horse,black
AKG7VBOY97HKA,F,English,4,66,24,30,wolf,gray
AKG7VBOY97HKA,F,English,4,66,25,3,bear,black
AKG7VBOY97HKA,F,English,4,66,26,21,monkey,brown
AKG7VBOY97HKA,F,English,4,66,27,4,bee,stripped
AKG7VBOY97HKA,F,English,4,66,28,15,frog,green
AKG7VBOY97HKA,F,English,4,66,29,27,sheep,scared
AKG7VBOY97HKA,F,English,4,66,30,12,elephant,big
AKG7VBOY97HKA,F,English,4,66,31,20,lion,scary
AKG7VBOY97HKA,F,English,4,66,32,5,bird,red
A1Q2Y8OZT0TJ2S,F,English,4,35,1,14,fox,sneaky
A1Q2Y8OZT0TJ2S,F,English,4,35,2,11,duck,noisy
A1Q2Y8OZT0TJ2S,F,English,4,35,3,30,wolf,fluffy
A1Q2Y8OZT0TJ2S,F,English,4,35,4,6,buffalo,large
A1Q2Y8OZT0TJ2S,F,English,4,35,5,20,lion,ferocious
A1Q2Y8OZT0TJ2S,F,English,4,35,6,19,kangaroo,springy
A1Q2Y8OZT0TJ2S,F,English,4,35,7,4,bee,fast
A1Q2Y8OZT0TJ2S,F,English,4,35,8,7,cat,sneaky
A1Q2Y8OZT0TJ2S,F,English,4,35,9,22,owl,quiet
A1Q2Y8OZT0TJ2S,F,English,4,35,10,12,elephant,majestic
A1Q2Y8OZT0TJ2S,F,English,4,35,11,27,sheep,soft
A1Q2Y8OZT0TJ2S,F,English,4,35,12,15,frog,small
A1Q2Y8OZT0TJ2S,F,English,4,35,13,23,ox,powerful
A1Q2Y8OZT0TJ2S,F,English,4,35,14,5,bird,beautiful
A1Q2Y8OZT0TJ2S,F,English,4,35,15,24,penguin,wobbly
A1Q2Y8OZT0TJ2S,F,English,4,35,16,25,pig,round
A1Q2Y8OZT0TJ2S,F,English,4,35,17,32,shark,scary
A1Q2Y8OZT0TJ2S,F,English,4,35,18,16,goose,loud
A1Q2Y8OZT0TJ2S,F,English,4,35,19,3,bear,big
A1Q2Y8OZT0TJ2S,F,English,4,35,20,8,cow,white
A1Q2Y8OZT0TJ2S,F,English,4,35,21,17,goat,small
A1Q2Y8OZT0TJ2S,F,English,4,35,22,1,ant,tiny
A1Q2Y8OZT0TJ2S,F,English,4,35,23,28,tiger,fast
A1Q2Y8OZT0TJ2S,F,English,4,35,24,9,dog,friendly
A1Q2Y8OZT0TJ2S,F,English,4,35,25,31,zebra,quick
A1Q2Y8OZT0TJ2S,F,English,4,35,26,21,monkey,curios
A1Q2Y8OZT0TJ2S,F,English,4,35,27,26,rabbit,swift
A1Q2Y8OZT0TJ2S,F,English,4,35,28,18,horse,graceful
A1Q2Y8OZT0TJ2S,F,English,4,35,29,10,dolphin,happy
A1Q2Y8OZT0TJ2S,F,English,4,35,30,13,fish,slimey
A1Q2Y8OZT0TJ2S,F,English,4,35,31,2,bat,quiet
A1Q2Y8OZT0TJ2S,F,English,4,35,32,29,whale,huge
AO7FM98CP90CL,F,English ,4,35,1,24,penguin,short
AO7FM98CP90CL,F,English ,4,35,2,30,wolf,mean
AO7FM98CP90CL,F,English ,4,35,3,11,duck,young
AO7FM98CP90CL,F,English ,4,35,4,20,lion,fierce
AO7FM98CP90CL,F,English ,4,35,5,1,ant,tiny
AO7FM98CP90CL,F,English ,4,35,6,26,rabbit,quick 
AO7FM98CP90CL,F,English ,4,35,7,6,buffalo,tall
AO7FM98CP90CL,F,English ,4,35,8,3,bear,rich
AO7FM98CP90CL,F,English ,4,35,9,4,bee,little
AO7FM98CP90CL,F,English ,4,35,10,19,kangaroo,jumpy
AO7FM98CP90CL,F,English ,4,35,11,5,bird,weak
AO7FM98CP90CL,F,English ,4,35,12,28,tiger,terrifying
AO7FM98CP90CL,F,English ,4,35,13,31,zebra,striped
AO7FM98CP90CL,F,English ,4,35,14,13,fish,watery
AO7FM98CP90CL,F,English ,4,35,15,23,ox,big
AO7FM98CP90CL,F,English ,4,35,16,15,frog,jumpy
AO7FM98CP90CL,F,English ,4,35,17,32,shark,toothy
AO7FM98CP90CL,F,English ,4,35,18,12,elephant,large
AO7FM98CP90CL,F,English ,4,35,19,29,whale,big
AO7FM98CP90CL,F,English ,4,35,20,14,fox,fast
AO7FM98CP90CL,F,English ,4,35,21,16,goose,fat
AO7FM98CP90CL,F,English ,4,35,22,7,cat,silent
AO7FM98CP90CL,F,English ,4,35,23,8,cow,loud
AO7FM98CP90CL,F,English ,4,35,24,22,owl,qiiet
AO7FM98CP90CL,F,English ,4,35,25,27,sheep,shy
AO7FM98CP90CL,F,English ,4,35,26,18,horse,strong
AO7FM98CP90CL,F,English ,4,35,27,17,goat,gullible
AO7FM98CP90CL,F,English ,4,35,28,25,pig,selfish
AO7FM98CP90CL,F,English ,4,35,29,2,bat,creepy
AO7FM98CP90CL,F,English ,4,35,30,21,monkey,fast
AO7FM98CP90CL,F,English ,4,35,31,10,dolphin,sweet
AO7FM98CP90CL,F,English ,4,35,32,9,dog,loyal
A1FKCYWMD3HCXU,M,english,4,25,1,27,sheep,slow
A1FKCYWMD3HCXU,M,english,4,25,2,3,bear,scary
A1FKCYWMD3HCXU,M,english,4,25,3,32,shark,fast
A1FKCYWMD3HCXU,M,english,4,25,4,14,fox,wiley
A1FKCYWMD3HCXU,M,english,4,25,5,12,elephant,strong
A1FKCYWMD3HCXU,M,english,4,25,6,25,pig,tasty
A1FKCYWMD3HCXU,M,english,4,25,7,11,duck,annoying
A1FKCYWMD3HCXU,M,english,4,25,8,19,kangaroo,jumpy
A1FKCYWMD3HCXU,M,english,4,25,9,1,ant,strong
A1FKCYWMD3HCXU,M,english,4,25,10,5,bird,quick
A1FKCYWMD3HCXU,M,english,4,25,11,23,ox,strong
A1FKCYWMD3HCXU,M,english,4,25,12,21,monkey,annoying
A1FKCYWMD3HCXU,M,english,4,25,13,9,dog,loyal
A1FKCYWMD3HCXU,M,english,4,25,14,28,tiger,fearsome
A1FKCYWMD3HCXU,M,english,4,25,15,26,rabbit,cute
A1FKCYWMD3HCXU,M,english,4,25,16,20,lion,strong
A1FKCYWMD3HCXU,M,english,4,25,17,6,buffalo,steady
A1FKCYWMD3HCXU,M,english,4,25,18,10,dolphin,smart
A1FKCYWMD3HCXU,M,english,4,25,19,2,bat,fast
A1FKCYWMD3HCXU,M,english,4,25,20,7,cat,quiet
A1FKCYWMD3HCXU,M,english,4,25,21,16,goose,annoying
A1FKCYWMD3HCXU,M,english,4,25,22,15,frog,patient
A1FKCYWMD3HCXU,M,english,4,25,23,24,penguin,cute
A1FKCYWMD3HCXU,M,english,4,25,24,17,goat,old
A1FKCYWMD3HCXU,M,english,4,25,25,31,zebra,quick
A1FKCYWMD3HCXU,M,english,4,25,26,13,fish,fast
A1FKCYWMD3HCXU,M,english,4,25,27,4,bee,fast
A1FKCYWMD3HCXU,M,english,4,25,28,29,whale,big
A1FKCYWMD3HCXU,M,english,4,25,29,8,cow,tasty
A1FKCYWMD3HCXU,M,english,4,25,30,18,horse,loyal
A1FKCYWMD3HCXU,M,english,4,25,31,22,owl,quiet
A1FKCYWMD3HCXU,M,english,4,25,32,30,wolf,ferocious
AGPBP85B17VXL,M,English,4,25,1,15,frog,green
AGPBP85B17VXL,M,English,4,25,2,21,monkey,jumping
AGPBP85B17VXL,M,English,4,25,3,26,rabbit,eats
AGPBP85B17VXL,M,English,4,25,4,7,cat,angry
AGPBP85B17VXL,M,English,4,25,5,17,goat,lazy
AGPBP85B17VXL,M,English,4,25,6,14,fox,scary
AGPBP85B17VXL,M,English,4,25,7,2,bat,flying
AGPBP85B17VXL,M,English,4,25,8,4,bee,bites
AGPBP85B17VXL,M,English,4,25,9,13,fish,swimming
AGPBP85B17VXL,M,English,4,25,10,22,owl,alone
AGPBP85B17VXL,M,English,4,25,11,23,ox,group
AGPBP85B17VXL,M,English,4,25,12,19,kangaroo,caring
AGPBP85B17VXL,M,English,4,25,13,28,tiger,killer
AGPBP85B17VXL,M,English,4,25,14,16,goose,na
AGPBP85B17VXL,M,English,4,25,15,32,shark,killer
AGPBP85B17VXL,M,English,4,25,16,29,whale,caring
AGPBP85B17VXL,M,English,4,25,17,20,lion,angry
AGPBP85B17VXL,M,English,4,25,18,1,ant,hunter
AGPBP85B17VXL,M,English,4,25,19,10,dolphin,caring
AGPBP85B17VXL,M,English,4,25,20,24,penguin,alone
AGPBP85B17VXL,M,English,4,25,21,31,zebra,africa
AGPBP85B17VXL,M,English,4,25,22,25,pig,afraid
AGPBP85B17VXL,M,English,4,25,23,12,elephant,huge
AGPBP85B17VXL,M,English,4,25,24,9,dog,honest
AGPBP85B17VXL,M,English,4,25,25,27,sheep,useless
AGPBP85B17VXL,M,English,4,25,26,8,cow,meat
AGPBP85B17VXL,M,English,4,25,27,18,horse,fast 
AGPBP85B17VXL,M,English,4,25,28,3,bear,attacker
AGPBP85B17VXL,M,English,4,25,29,5,bird,flying
AGPBP85B17VXL,M,English,4,25,30,11,duck,swimming
AGPBP85B17VXL,M,English,4,25,31,30,wolf,killer
AGPBP85B17VXL,M,English,4,25,32,6,buffalo,scared
A1NK6UXWXKFMC7,F,englush,10,45,1,13,fish,wet
A1NK6UXWXKFMC7,F,englush,10,45,2,17,goat,stinky
A1NK6UXWXKFMC7,F,englush,10,45,3,27,sheep,black
A1NK6UXWXKFMC7,F,englush,10,45,4,29,whale,fat
A1NK6UXWXKFMC7,F,englush,10,45,5,11,duck,wet
A1NK6UXWXKFMC7,F,englush,10,45,6,21,monkey,funny
A1NK6UXWXKFMC7,F,englush,10,45,7,5,bird,loud
A1NK6UXWXKFMC7,F,englush,10,45,8,3,bear,fuzzy
A1NK6UXWXKFMC7,F,englush,10,45,9,19,kangaroo,fiesty
A1NK6UXWXKFMC7,F,englush,10,45,10,1,ant,tiny
A1NK6UXWXKFMC7,F,englush,10,45,11,18,horse,tall
A1NK6UXWXKFMC7,F,englush,10,45,12,31,zebra,striped
A1NK6UXWXKFMC7,F,englush,10,45,13,14,fox,sly
A1NK6UXWXKFMC7,F,englush,10,45,14,7,cat,haughty
A1NK6UXWXKFMC7,F,englush,10,45,15,2,bat,cute
A1NK6UXWXKFMC7,F,englush,10,45,16,6,buffalo,bumbling
A1NK6UXWXKFMC7,F,englush,10,45,17,23,ox,big
A1NK6UXWXKFMC7,F,englush,10,45,18,4,bee,happy
A1NK6UXWXKFMC7,F,englush,10,45,19,32,shark,scary
A1NK6UXWXKFMC7,F,englush,10,45,20,9,dog,loud
A1NK6UXWXKFMC7,F,englush,10,45,21,22,owl,wise
A1NK6UXWXKFMC7,F,englush,10,45,22,20,lion,proud
A1NK6UXWXKFMC7,F,englush,10,45,23,25,pig,dirty
A1NK6UXWXKFMC7,F,englush,10,45,24,28,tiger,scheming
A1NK6UXWXKFMC7,F,englush,10,45,25,24,penguin,friendly
A1NK6UXWXKFMC7,F,englush,10,45,26,10,dolphin,wise
A1NK6UXWXKFMC7,F,englush,10,45,27,30,wolf,sly
A1NK6UXWXKFMC7,F,englush,10,45,28,12,elephant,compassionate
A1NK6UXWXKFMC7,F,englush,10,45,29,8,cow,lazy
A1NK6UXWXKFMC7,F,englush,10,45,30,15,frog,wary
A1NK6UXWXKFMC7,F,englush,10,45,31,16,goose,angry
A1NK6UXWXKFMC7,F,englush,10,45,32,26,rabbit,furry
ANJ9V1S2RYOE8,M,english,4,65,1,12,elephant,large
ANJ9V1S2RYOE8,M,english,4,65,2,32,shark,swimmer
ANJ9V1S2RYOE8,M,english,4,65,3,22,owl,nocturnal
ANJ9V1S2RYOE8,M,english,4,65,4,19,kangaroo,marsupial
ANJ9V1S2RYOE8,M,english,4,65,5,14,fox,red
ANJ9V1S2RYOE8,M,english,4,65,6,4,bee,buzzer
ANJ9V1S2RYOE8,M,english,4,65,7,3,bear,woods
ANJ9V1S2RYOE8,M,english,4,65,8,25,pig,glutton
ANJ9V1S2RYOE8,M,english,4,65,9,23,ox,worker
ANJ9V1S2RYOE8,M,english,4,65,10,28,tiger,stripe
ANJ9V1S2RYOE8,M,english,4,65,11,17,goat,billy
ANJ9V1S2RYOE8,M,english,4,65,12,2,bat,radar
ANJ9V1S2RYOE8,M,english,4,65,13,15,frog,legs
ANJ9V1S2RYOE8,M,english,4,65,14,21,monkey,paw
ANJ9V1S2RYOE8,M,english,4,65,15,30,wolf,canine
ANJ9V1S2RYOE8,M,english,4,65,16,11,duck,fowl
ANJ9V1S2RYOE8,M,english,4,65,17,8,cow,food
ANJ9V1S2RYOE8,M,english,4,65,18,27,sheep,wooly
ANJ9V1S2RYOE8,M,english,4,65,19,10,dolphin,smart
ANJ9V1S2RYOE8,M,english,4,65,20,7,cat,feline
ANJ9V1S2RYOE8,M,english,4,65,21,13,fish,bait
ANJ9V1S2RYOE8,M,english,4,65,22,24,penguin,opus
ANJ9V1S2RYOE8,M,english,4,65,23,31,zebra,horse
ANJ9V1S2RYOE8,M,english,4,65,24,5,bird,flyer
ANJ9V1S2RYOE8,M,english,4,65,25,18,horse,equnine
ANJ9V1S2RYOE8,M,english,4,65,26,1,ant,bug
ANJ9V1S2RYOE8,M,english,4,65,27,6,buffalo,girls
ANJ9V1S2RYOE8,M,english,4,65,28,9,dog,barker
ANJ9V1S2RYOE8,M,english,4,65,29,26,rabbit,bunny
ANJ9V1S2RYOE8,M,english,4,65,30,29,whale,mammal
ANJ9V1S2RYOE8,M,english,4,65,31,20,lion,king
ANJ9V1S2RYOE8,M,english,4,65,32,16,goose,siully
A16TESTJICU76L,M,English,0,25,1,5,bird,small
A16TESTJICU76L,M,English,0,25,2,3,bear,big
A16TESTJICU76L,M,English,0,25,3,14,fox,weird
A16TESTJICU76L,M,English,0,25,4,13,fish,scaly
A16TESTJICU76L,M,English,0,25,5,20,lion,tough
A16TESTJICU76L,M,English,0,25,6,21,monkey,rabid
A16TESTJICU76L,M,English,0,25,7,28,tiger,angery
A16TESTJICU76L,M,English,0,25,8,22,owl,quiet
A16TESTJICU76L,M,English,0,25,9,8,cow,slow
A16TESTJICU76L,M,English,0,25,10,11,duck,silly
A16TESTJICU76L,M,English,0,25,11,26,rabbit,scared
A16TESTJICU76L,M,English,0,25,12,24,penguin,polite
A16TESTJICU76L,M,English,0,25,13,18,horse,snobbish
A16TESTJICU76L,M,English,0,25,14,29,whale,rare
A16TESTJICU76L,M,English,0,25,15,16,goose,tame
A16TESTJICU76L,M,English,0,25,16,4,bee,angry
A16TESTJICU76L,M,English,0,25,17,27,sheep,soft
A16TESTJICU76L,M,English,0,25,18,12,elephant,huge
A16TESTJICU76L,M,English,0,25,19,2,bat,blind
A16TESTJICU76L,M,English,0,25,20,23,ox,mad
A16TESTJICU76L,M,English,0,25,21,9,dog,obedient
A16TESTJICU76L,M,English,0,25,22,17,goat,funny
A16TESTJICU76L,M,English,0,25,23,15,frog,wrong
A16TESTJICU76L,M,English,0,25,24,32,shark,sneaky
A16TESTJICU76L,M,English,0,25,25,7,cat,apathetic
A16TESTJICU76L,M,English,0,25,26,6,buffalo,boring
A16TESTJICU76L,M,English,0,25,27,19,kangaroo,exciting
A16TESTJICU76L,M,English,0,25,28,30,wolf,spiritual
A16TESTJICU76L,M,English,0,25,29,25,pig,common
A16TESTJICU76L,M,English,0,25,30,1,ant,militant
A16TESTJICU76L,M,English,0,25,31,10,dolphin,friendly
A16TESTJICU76L,M,English,0,25,32,31,zebra,odd
ALMGT9PRRSHW2,M,english,6,35,1,19,kangaroo,brown
ALMGT9PRRSHW2,M,english,6,35,2,21,monkey,brown
ALMGT9PRRSHW2,M,english,6,35,3,7,cat,lazy
ALMGT9PRRSHW2,M,english,6,35,4,5,bird,blue
ALMGT9PRRSHW2,M,english,6,35,5,31,zebra,stripped
ALMGT9PRRSHW2,M,english,6,35,6,30,wolf,black
ALMGT9PRRSHW2,M,english,6,35,7,9,dog,lazy
ALMGT9PRRSHW2,M,english,6,35,8,3,bear,brown
ALMGT9PRRSHW2,M,english,6,35,9,14,fox,orange
ALMGT9PRRSHW2,M,english,6,35,10,27,sheep,white
ALMGT9PRRSHW2,M,english,6,35,11,25,pig,dirty
ALMGT9PRRSHW2,M,english,6,35,12,13,fish,slippery
ALMGT9PRRSHW2,M,english,6,35,13,28,tiger,stripped
ALMGT9PRRSHW2,M,english,6,35,14,18,horse,fast
ALMGT9PRRSHW2,M,english,6,35,15,24,penguin,cool
ALMGT9PRRSHW2,M,english,6,35,16,26,rabbit,fast
ALMGT9PRRSHW2,M,english,6,35,17,8,cow,brown
ALMGT9PRRSHW2,M,english,6,35,18,16,goose,grey
ALMGT9PRRSHW2,M,english,6,35,19,15,frog,green
ALMGT9PRRSHW2,M,english,6,35,20,17,goat,white
ALMGT9PRRSHW2,M,english,6,35,21,29,whale,blue
ALMGT9PRRSHW2,M,english,6,35,22,11,duck,yellow
ALMGT9PRRSHW2,M,english,6,35,23,22,owl,wise
ALMGT9PRRSHW2,M,english,6,35,24,20,lion,sleepy
ALMGT9PRRSHW2,M,english,6,35,25,6,buffalo,big
ALMGT9PRRSHW2,M,english,6,35,26,23,ox,white
ALMGT9PRRSHW2,M,english,6,35,27,4,bee,yellow
ALMGT9PRRSHW2,M,english,6,35,28,10,dolphin,grey
ALMGT9PRRSHW2,M,english,6,35,29,32,shark,white
ALMGT9PRRSHW2,M,english,6,35,30,12,elephant,grey
ALMGT9PRRSHW2,M,english,6,35,31,2,bat,black
ALMGT9PRRSHW2,M,english,6,35,32,1,ant,red
AO63KMU3PGNJA,F,English,4,45,1,15,frog,jump
AO63KMU3PGNJA,F,English,4,45,2,27,sheep,woolly
AO63KMU3PGNJA,F,English,4,45,3,19,kangaroo,upward
AO63KMU3PGNJA,F,English,4,45,4,3,bear,sleepy
AO63KMU3PGNJA,F,English,4,45,5,12,elephant,giant
AO63KMU3PGNJA,F,English,4,45,6,11,duck,yellow
AO63KMU3PGNJA,F,English,4,45,7,4,bee,helpful
AO63KMU3PGNJA,F,English,4,45,8,16,goose,downy
AO63KMU3PGNJA,F,English,4,45,9,30,wolf,ravenous
AO63KMU3PGNJA,F,English,4,45,10,29,whale,intelligent
AO63KMU3PGNJA,F,English,4,45,11,22,owl,wise
AO63KMU3PGNJA,F,English,4,45,12,13,fish,streamlined
AO63KMU3PGNJA,F,English,4,45,13,10,dolphin,playful
AO63KMU3PGNJA,F,English,4,45,14,32,shark,surreptitious
AO63KMU3PGNJA,F,English,4,45,15,31,zebra,striped
AO63KMU3PGNJA,F,English,4,45,16,21,monkey,inquisitive
AO63KMU3PGNJA,F,English,4,45,17,7,cat,soft
AO63KMU3PGNJA,F,English,4,45,18,28,tiger,fierce
AO63KMU3PGNJA,F,English,4,45,19,1,ant,cooperative
AO63KMU3PGNJA,F,English,4,45,20,18,horse,soothing
AO63KMU3PGNJA,F,English,4,45,21,2,bat,nocturnal
AO63KMU3PGNJA,F,English,4,45,22,23,ox,hardworking
AO63KMU3PGNJA,F,English,4,45,23,26,rabbit,twitchy
AO63KMU3PGNJA,F,English,4,45,24,17,goat,gentle
AO63KMU3PGNJA,F,English,4,45,25,9,dog,obedient
AO63KMU3PGNJA,F,English,4,45,26,24,penguin,friendly
AO63KMU3PGNJA,F,English,4,45,27,5,bird,graceful
AO63KMU3PGNJA,F,English,4,45,28,14,fox,sly
AO63KMU3PGNJA,F,English,4,45,29,6,buffalo,hulking
AO63KMU3PGNJA,F,English,4,45,30,8,cow,docile
AO63KMU3PGNJA,F,English,4,45,31,20,lion,toothy
AO63KMU3PGNJA,F,English,4,45,32,25,pig,content
A24DZU2LIWZQCG,F,English,4,25,1,30,wolf,scary
A24DZU2LIWZQCG,F,English,4,25,2,32,shark,big
A24DZU2LIWZQCG,F,English,4,25,3,11,duck,cute
A24DZU2LIWZQCG,F,English,4,25,4,10,dolphin,pretty
A24DZU2LIWZQCG,F,English,4,25,5,17,goat,funny
A24DZU2LIWZQCG,F,English,4,25,6,26,rabbit,furry
A24DZU2LIWZQCG,F,English,4,25,7,21,monkey,mischevious
A24DZU2LIWZQCG,F,English,4,25,8,9,dog,loyal
A24DZU2LIWZQCG,F,English,4,25,9,4,bee,small
A24DZU2LIWZQCG,F,English,4,25,10,6,buffalo,mystical
A24DZU2LIWZQCG,F,English,4,25,11,19,kangaroo,foreign
A24DZU2LIWZQCG,F,English,4,25,12,2,bat,vampiric
A24DZU2LIWZQCG,F,English,4,25,13,22,owl,wise
A24DZU2LIWZQCG,F,English,4,25,14,1,ant,small
A24DZU2LIWZQCG,F,English,4,25,15,31,zebra,awesome
A24DZU2LIWZQCG,F,English,4,25,16,13,fish,different
A24DZU2LIWZQCG,F,English,4,25,17,7,cat,royalty
A24DZU2LIWZQCG,F,English,4,25,18,23,ox,weird
A24DZU2LIWZQCG,F,English,4,25,19,5,bird,annoying
A24DZU2LIWZQCG,F,English,4,25,20,16,goose,mean
A24DZU2LIWZQCG,F,English,4,25,21,15,frog,slimy
A24DZU2LIWZQCG,F,English,4,25,22,29,whale,gingantic
A24DZU2LIWZQCG,F,English,4,25,23,12,elephant,huge
A24DZU2LIWZQCG,F,English,4,25,24,8,cow,usefull
A24DZU2LIWZQCG,F,English,4,25,25,3,bear,intimidating
A24DZU2LIWZQCG,F,English,4,25,26,20,lion,alpha
A24DZU2LIWZQCG,F,English,4,25,27,14,fox,scared
A24DZU2LIWZQCG,F,English,4,25,28,24,penguin,adorable
A24DZU2LIWZQCG,F,English,4,25,29,18,horse,majestic
A24DZU2LIWZQCG,F,English,4,25,30,25,pig,dirty
A24DZU2LIWZQCG,F,English,4,25,31,28,tiger,ferocious
A24DZU2LIWZQCG,F,English,4,25,32,27,sheep,tame
A2FI7CJ3BQ4Y0F,F,English,6,35,1,31,zebra,stripped
A2FI7CJ3BQ4Y0F,F,English,6,35,2,18,horse,strong
A2FI7CJ3BQ4Y0F,F,English,6,35,3,7,cat,soft
A2FI7CJ3BQ4Y0F,F,English,6,35,4,14,fox,mysterious
A2FI7CJ3BQ4Y0F,F,English,6,35,5,22,owl,nocturnal
A2FI7CJ3BQ4Y0F,F,English,6,35,6,3,bear,brown
A2FI7CJ3BQ4Y0F,F,English,6,35,7,32,shark,viscious
A2FI7CJ3BQ4Y0F,F,English,6,35,8,26,rabbit,fuzzy
A2FI7CJ3BQ4Y0F,F,English,6,35,9,28,tiger,stripped
A2FI7CJ3BQ4Y0F,F,English,6,35,10,19,kangaroo,australian 
A2FI7CJ3BQ4Y0F,F,English,6,35,11,16,goose,grey
A2FI7CJ3BQ4Y0F,F,English,6,35,12,15,frog,green
A2FI7CJ3BQ4Y0F,F,English,6,35,13,10,dolphin,friendly
A2FI7CJ3BQ4Y0F,F,English,6,35,14,11,duck,yellow
A2FI7CJ3BQ4Y0F,F,English,6,35,15,29,whale,large
A2FI7CJ3BQ4Y0F,F,English,6,35,16,12,elephant,grey
A2FI7CJ3BQ4Y0F,F,English,6,35,17,4,bee,worker
A2FI7CJ3BQ4Y0F,F,English,6,35,18,17,goat,stubborn
A2FI7CJ3BQ4Y0F,F,English,6,35,19,1,ant,strong
A2FI7CJ3BQ4Y0F,F,English,6,35,20,25,pig,yummy
A2FI7CJ3BQ4Y0F,F,English,6,35,21,24,penguin,cold
A2FI7CJ3BQ4Y0F,F,English,6,35,22,30,wolf,scary
A2FI7CJ3BQ4Y0F,F,English,6,35,23,6,buffalo,huge
A2FI7CJ3BQ4Y0F,F,English,6,35,24,5,bird,black
A2FI7CJ3BQ4Y0F,F,English,6,35,25,27,sheep,black
A2FI7CJ3BQ4Y0F,F,English,6,35,26,21,monkey,funny
A2FI7CJ3BQ4Y0F,F,English,6,35,27,8,cow,brown
A2FI7CJ3BQ4Y0F,F,English,6,35,28,13,fish,small
A2FI7CJ3BQ4Y0F,F,English,6,35,29,9,dog,friendly
A2FI7CJ3BQ4Y0F,F,English,6,35,30,23,ox,strong
A2FI7CJ3BQ4Y0F,F,English,6,35,31,20,lion,scary
A2FI7CJ3BQ4Y0F,F,English,6,35,32,2,bat,nocturnal
A27LGC4MU1R7PQ,M,English,0,25,1,13,fish,slimy
A27LGC4MU1R7PQ,M,English,0,25,2,14,fox,sly
A27LGC4MU1R7PQ,M,English,0,25,3,16,goose,lanky
A27LGC4MU1R7PQ,M,English,0,25,4,20,lion,fierce
A27LGC4MU1R7PQ,M,English,0,25,5,27,sheep,dumb
A27LGC4MU1R7PQ,M,English,0,25,6,19,kangaroo,wild
A27LGC4MU1R7PQ,M,English,0,25,7,29,whale,giant
A27LGC4MU1R7PQ,M,English,0,25,8,26,rabbit,fearful
A27LGC4MU1R7PQ,M,English,0,25,9,6,buffalo,powerful
A27LGC4MU1R7PQ,M,English,0,25,10,17,goat,satanic
A27LGC4MU1R7PQ,M,English,0,25,11,24,penguin,silly
A27LGC4MU1R7PQ,M,English,0,25,12,9,dog,loyal
A27LGC4MU1R7PQ,M,English,0,25,13,11,duck,awkward
A27LGC4MU1R7PQ,M,English,0,25,14,3,bear,fierce
A27LGC4MU1R7PQ,M,English,0,25,15,32,shark,vicious
A27LGC4MU1R7PQ,M,English,0,25,16,23,ox,strong
A27LGC4MU1R7PQ,M,English,0,25,17,7,cat,sweet
A27LGC4MU1R7PQ,M,English,0,25,18,21,monkey,playful
A27LGC4MU1R7PQ,M,English,0,25,19,5,bird,free
A27LGC4MU1R7PQ,M,English,0,25,20,25,pig,dirty
A27LGC4MU1R7PQ,M,English,0,25,21,31,zebra,fearful
A27LGC4MU1R7PQ,M,English,0,25,22,18,horse,spirited
A27LGC4MU1R7PQ,M,English,0,25,23,1,ant,persistent
A27LGC4MU1R7PQ,M,English,0,25,24,15,frog,slimy
A27LGC4MU1R7PQ,M,English,0,25,25,10,dolphin,intelligent
A27LGC4MU1R7PQ,M,English,0,25,26,2,bat,nocturnal
A27LGC4MU1R7PQ,M,English,0,25,27,30,wolf,treacherous
A27LGC4MU1R7PQ,M,English,0,25,28,22,owl,wise
A27LGC4MU1R7PQ,M,English,0,25,29,28,tiger,clever
A27LGC4MU1R7PQ,M,English,0,25,30,8,cow,slow
A27LGC4MU1R7PQ,M,English,0,25,31,12,elephant,reflective
A27LGC4MU1R7PQ,M,English,0,25,32,4,bee,industrious
A3IXDTIS3GTW8K,M,english,4,35,1,26,rabbit,small
A3IXDTIS3GTW8K,M,english,4,35,2,13,fish,slimy
A3IXDTIS3GTW8K,M,english,4,35,3,20,lion,angry
A3IXDTIS3GTW8K,M,english,4,35,4,15,frog,green
A3IXDTIS3GTW8K,M,english,4,35,5,6,buffalo,large
A3IXDTIS3GTW8K,M,english,4,35,6,9,dog,loyal
A3IXDTIS3GTW8K,M,english,4,35,7,10,dolphin,smart
A3IXDTIS3GTW8K,M,english,4,35,8,2,bat,scary
A3IXDTIS3GTW8K,M,english,4,35,9,27,sheep,fluffy
A3IXDTIS3GTW8K,M,english,4,35,10,28,tiger,fearsome
A3IXDTIS3GTW8K,M,english,4,35,11,7,cat,cute
A3IXDTIS3GTW8K,M,english,4,35,12,8,cow,stupid
A3IXDTIS3GTW8K,M,english,4,35,13,4,bee,pointy
A3IXDTIS3GTW8K,M,english,4,35,14,32,shark,dangerous
A3IXDTIS3GTW8K,M,english,4,35,15,14,fox,quiet
A3IXDTIS3GTW8K,M,english,4,35,16,31,zebra,exotic
A3IXDTIS3GTW8K,M,english,4,35,17,19,kangaroo,jumpy
A3IXDTIS3GTW8K,M,english,4,35,18,16,goose,loud
A3IXDTIS3GTW8K,M,english,4,35,19,21,monkey,smart
A3IXDTIS3GTW8K,M,english,4,35,20,24,penguin,cold
A3IXDTIS3GTW8K,M,english,4,35,21,1,ant,small
A3IXDTIS3GTW8K,M,english,4,35,22,18,horse,fast
A3IXDTIS3GTW8K,M,english,4,35,23,11,duck,loud
A3IXDTIS3GTW8K,M,english,4,35,24,30,wolf,dark
A3IXDTIS3GTW8K,M,english,4,35,25,12,elephant,huge
A3IXDTIS3GTW8K,M,english,4,35,26,5,bird,graceful
A3IXDTIS3GTW8K,M,english,4,35,27,22,owl,spooky
A3IXDTIS3GTW8K,M,english,4,35,28,17,goat,trashy
A3IXDTIS3GTW8K,M,english,4,35,29,25,pig,sloppy
A3IXDTIS3GTW8K,M,english,4,35,30,23,ox,slow
A3IXDTIS3GTW8K,M,english,4,35,31,29,whale,powerful
A3IXDTIS3GTW8K,M,english,4,35,32,3,bear,scary
A1U4Y3ODOM39QM,M,English,8,35,1,12,elephant,loud
A1U4Y3ODOM39QM,M,English,8,35,2,29,whale,big
A1U4Y3ODOM39QM,M,English,8,35,3,21,monkey,funny
A1U4Y3ODOM39QM,M,English,8,35,4,28,tiger,striped
A1U4Y3ODOM39QM,M,English,8,35,5,30,wolf,fast
A1U4Y3ODOM39QM,M,English,8,35,6,5,bird,high
A1U4Y3ODOM39QM,M,English,8,35,7,14,fox,smart
A1U4Y3ODOM39QM,M,English,8,35,8,24,penguin,cold
A1U4Y3ODOM39QM,M,English,8,35,9,16,goose,loose
A1U4Y3ODOM39QM,M,English,8,35,10,15,frog,green
A1U4Y3ODOM39QM,M,English,8,35,11,17,goat,hungry
A1U4Y3ODOM39QM,M,English,8,35,12,25,pig,fat
A1U4Y3ODOM39QM,M,English,8,35,13,9,dog,loyal
A1U4Y3ODOM39QM,M,English,8,35,14,18,horse,fast
A1U4Y3ODOM39QM,M,English,8,35,15,23,ox,strong
A1U4Y3ODOM39QM,M,English,8,35,16,7,cat,independent
A1U4Y3ODOM39QM,M,English,8,35,17,2,bat,scary
A1U4Y3ODOM39QM,M,English,8,35,18,3,bear,furry
A1U4Y3ODOM39QM,M,English,8,35,19,10,dolphin,wet
A1U4Y3ODOM39QM,M,English,8,35,20,32,shark,fast
A1U4Y3ODOM39QM,M,English,8,35,21,1,ant,small
A1U4Y3ODOM39QM,M,English,8,35,22,6,buffalo,big
A1U4Y3ODOM39QM,M,English,8,35,23,20,lion,loud
A1U4Y3ODOM39QM,M,English,8,35,24,13,fish,slippery
A1U4Y3ODOM39QM,M,English,8,35,25,31,zebra,striped
A1U4Y3ODOM39QM,M,English,8,35,26,8,cow,fat
A1U4Y3ODOM39QM,M,English,8,35,27,11,duck,feathered
A1U4Y3ODOM39QM,M,English,8,35,28,27,sheep,wooly
A1U4Y3ODOM39QM,M,English,8,35,29,22,owl,wise
A1U4Y3ODOM39QM,M,English,8,35,30,26,rabbit,quick
A1U4Y3ODOM39QM,M,English,8,35,31,19,kangaroo,pouched
A1U4Y3ODOM39QM,M,English,8,35,32,4,bee,painful
A15EZJS1DROADE,M,english,4,25,1,18,horse,hairy
A15EZJS1DROADE,M,english,4,25,2,4,bee,hurtful
A15EZJS1DROADE,M,english,4,25,3,8,cow,big
A15EZJS1DROADE,M,english,4,25,4,11,duck,small
A15EZJS1DROADE,M,english,4,25,5,25,pig,dirty
A15EZJS1DROADE,M,english,4,25,6,2,bat,scary
A15EZJS1DROADE,M,english,4,25,7,1,ant,tiny
A15EZJS1DROADE,M,english,4,25,8,16,goose,silly
A15EZJS1DROADE,M,english,4,25,9,3,bear,big
A15EZJS1DROADE,M,english,4,25,10,29,whale,huge
A15EZJS1DROADE,M,english,4,25,11,24,penguin,small
A15EZJS1DROADE,M,english,4,25,12,23,ox,rough
A15EZJS1DROADE,M,english,4,25,13,20,lion,scary
A15EZJS1DROADE,M,english,4,25,14,15,frog,tiny
A15EZJS1DROADE,M,english,4,25,15,17,goat,annoying
A15EZJS1DROADE,M,english,4,25,16,32,shark,hurtful
A15EZJS1DROADE,M,english,4,25,17,27,sheep,silly
A15EZJS1DROADE,M,english,4,25,18,9,dog,hairy
A15EZJS1DROADE,M,english,4,25,19,26,rabbit,hairy
A15EZJS1DROADE,M,english,4,25,20,22,owl,loud
A15EZJS1DROADE,M,english,4,25,21,10,dolphin,quiet
A15EZJS1DROADE,M,english,4,25,22,21,monkey,loud
A15EZJS1DROADE,M,english,4,25,23,14,fox,quiet
A15EZJS1DROADE,M,english,4,25,24,19,kangaroo,funny
A15EZJS1DROADE,M,english,4,25,25,6,buffalo,big
A15EZJS1DROADE,M,english,4,25,26,30,wolf,scary
A15EZJS1DROADE,M,english,4,25,27,13,fish,smelly
A15EZJS1DROADE,M,english,4,25,28,12,elephant,huge
A15EZJS1DROADE,M,english,4,25,29,7,cat,tiny
A15EZJS1DROADE,M,english,4,25,30,31,zebra,sneaky
A15EZJS1DROADE,M,english,4,25,31,28,tiger,big
A15EZJS1DROADE,M,english,4,25,32,5,bird,cute
A30Q0NPBM0EB2I,F,English,4,35,1,10,dolphin,wet
A30Q0NPBM0EB2I,F,English,4,35,2,8,cow,fat
A30Q0NPBM0EB2I,F,English,4,35,3,30,wolf,dark
A30Q0NPBM0EB2I,F,English,4,35,4,27,sheep,stupid
A30Q0NPBM0EB2I,F,English,4,35,5,3,bear,fierce
A30Q0NPBM0EB2I,F,English,4,35,6,24,penguin,cute
A30Q0NPBM0EB2I,F,English,4,35,7,31,zebra,pretty
A30Q0NPBM0EB2I,F,English,4,35,8,5,bird,free
A30Q0NPBM0EB2I,F,English,4,35,9,23,ox,strong
A30Q0NPBM0EB2I,F,English,4,35,10,11,duck,loud
A30Q0NPBM0EB2I,F,English,4,35,11,16,goose,dependent
A30Q0NPBM0EB2I,F,English,4,35,12,21,monkey,funny
A30Q0NPBM0EB2I,F,English,4,35,13,2,bat,mean
A30Q0NPBM0EB2I,F,English,4,35,14,13,fish,slippery
A30Q0NPBM0EB2I,F,English,4,35,15,9,dog,faithful
A30Q0NPBM0EB2I,F,English,4,35,16,17,goat,creepy
A30Q0NPBM0EB2I,F,English,4,35,17,19,kangaroo,feisty
A30Q0NPBM0EB2I,F,English,4,35,18,6,buffalo,large
A30Q0NPBM0EB2I,F,English,4,35,19,25,pig,dirty
A30Q0NPBM0EB2I,F,English,4,35,20,26,rabbit,fast
A30Q0NPBM0EB2I,F,English,4,35,21,15,frog,agile
A30Q0NPBM0EB2I,F,English,4,35,22,18,horse,large
A30Q0NPBM0EB2I,F,English,4,35,23,14,fox,clever
A30Q0NPBM0EB2I,F,English,4,35,24,12,elephant,smart
A30Q0NPBM0EB2I,F,English,4,35,25,20,lion,huge
A30Q0NPBM0EB2I,F,English,4,35,26,32,shark,scary
A30Q0NPBM0EB2I,F,English,4,35,27,29,whale,enormous 
A30Q0NPBM0EB2I,F,English,4,35,28,7,cat,amazing
A30Q0NPBM0EB2I,F,English,4,35,29,22,owl,nocturnal 
A30Q0NPBM0EB2I,F,English,4,35,30,28,tiger,sneaky
A30Q0NPBM0EB2I,F,English,4,35,31,1,ant,hardworking 
A30Q0NPBM0EB2I,F,English,4,35,32,4,bee,busy
ADVIE0ZHLWDDH,F,English,4,35,1,5,bird,small
ADVIE0ZHLWDDH,F,English,4,35,2,30,wolf,mean
ADVIE0ZHLWDDH,F,English,4,35,3,16,goose,loud
ADVIE0ZHLWDDH,F,English,4,35,4,25,pig,dirty
ADVIE0ZHLWDDH,F,English,4,35,5,31,zebra,striped
ADVIE0ZHLWDDH,F,English,4,35,6,2,bat,black
ADVIE0ZHLWDDH,F,English,4,35,7,18,horse,pretty
ADVIE0ZHLWDDH,F,English,4,35,8,17,goat,noisy
ADVIE0ZHLWDDH,F,English,4,35,9,15,frog,green
ADVIE0ZHLWDDH,F,English,4,35,10,1,ant,tiny
ADVIE0ZHLWDDH,F,English,4,35,11,26,rabbit,soft
ADVIE0ZHLWDDH,F,English,4,35,12,20,lion,fierce
ADVIE0ZHLWDDH,F,English,4,35,13,21,monkey,silly
ADVIE0ZHLWDDH,F,English,4,35,14,23,ox,huge
ADVIE0ZHLWDDH,F,English,4,35,15,24,penguin,wobbly
ADVIE0ZHLWDDH,F,English,4,35,16,14,fox,sly
ADVIE0ZHLWDDH,F,English,4,35,17,10,dolphin,friendly
ADVIE0ZHLWDDH,F,English,4,35,18,28,tiger,large
ADVIE0ZHLWDDH,F,English,4,35,19,27,sheep,soft
ADVIE0ZHLWDDH,F,English,4,35,20,7,cat,cuddly
ADVIE0ZHLWDDH,F,English,4,35,21,6,buffalo,big
ADVIE0ZHLWDDH,F,English,4,35,22,32,shark,mean
ADVIE0ZHLWDDH,F,English,4,35,23,11,duck,small
ADVIE0ZHLWDDH,F,English,4,35,24,4,bee,curious
ADVIE0ZHLWDDH,F,English,4,35,25,12,elephant,huge
ADVIE0ZHLWDDH,F,English,4,35,26,13,fish,small
ADVIE0ZHLWDDH,F,English,4,35,27,22,owl,cool
ADVIE0ZHLWDDH,F,English,4,35,28,8,cow,nice
ADVIE0ZHLWDDH,F,English,4,35,29,3,bear,beast
ADVIE0ZHLWDDH,F,English,4,35,30,19,kangaroo,jump
ADVIE0ZHLWDDH,F,English,4,35,31,29,whale,massive
ADVIE0ZHLWDDH,F,English,4,35,32,9,dog,friendly
A2BNOEYZ3VRW2R,F,english,8,65,1,2,bat,winged
A2BNOEYZ3VRW2R,F,english,8,65,2,19,kangaroo,pouched
A2BNOEYZ3VRW2R,F,english,8,65,3,32,shark,sleek
A2BNOEYZ3VRW2R,F,english,8,65,4,22,owl,wise
A2BNOEYZ3VRW2R,F,english,8,65,5,9,dog,loyal
A2BNOEYZ3VRW2R,F,english,8,65,6,1,ant,smart
A2BNOEYZ3VRW2R,F,english,8,65,7,13,fish,scaled
A2BNOEYZ3VRW2R,F,english,8,65,8,21,monkey,limber
A2BNOEYZ3VRW2R,F,english,8,65,9,3,bear,fierce
A2BNOEYZ3VRW2R,F,english,8,65,10,5,bird,winged
A2BNOEYZ3VRW2R,F,english,8,65,11,28,tiger,striped
A2BNOEYZ3VRW2R,F,english,8,65,12,14,fox,sly
A2BNOEYZ3VRW2R,F,english,8,65,13,16,goose,feathered
A2BNOEYZ3VRW2R,F,english,8,65,14,17,goat,omnivore
A2BNOEYZ3VRW2R,F,english,8,65,15,27,sheep,bovine
A2BNOEYZ3VRW2R,F,english,8,65,16,29,whale,large
A2BNOEYZ3VRW2R,F,english,8,65,17,20,lion,maned
A2BNOEYZ3VRW2R,F,english,8,65,18,15,frog,jumpy
A2BNOEYZ3VRW2R,F,english,8,65,19,8,cow,bovine
A2BNOEYZ3VRW2R,F,english,8,65,20,4,bee,dancing
A2BNOEYZ3VRW2R,F,english,8,65,21,30,wolf,lone
A2BNOEYZ3VRW2R,F,english,8,65,22,24,penguin,cute
A2BNOEYZ3VRW2R,F,english,8,65,23,26,rabbit,furry
A2BNOEYZ3VRW2R,F,english,8,65,24,6,buffalo,massive
A2BNOEYZ3VRW2R,F,english,8,65,25,7,cat,spry
A2BNOEYZ3VRW2R,F,english,8,65,26,12,elephant,huge
A2BNOEYZ3VRW2R,F,english,8,65,27,25,pig,porcine
A2BNOEYZ3VRW2R,F,english,8,65,28,18,horse,beautiful
A2BNOEYZ3VRW2R,F,english,8,65,29,10,dolphin,intelligent
A2BNOEYZ3VRW2R,F,english,8,65,30,11,duck,waddling
A2BNOEYZ3VRW2R,F,english,8,65,31,23,ox,strong
A2BNOEYZ3VRW2R,F,english,8,65,32,31,zebra,striped
AXVL79LAL2OPX,M,English,4,45,1,20,lion,fierce
AXVL79LAL2OPX,M,English,4,45,2,24,penguin,small
AXVL79LAL2OPX,M,English,4,45,3,5,bird,majestic
AXVL79LAL2OPX,M,English,4,45,4,3,bear,strong
AXVL79LAL2OPX,M,English,4,45,5,27,sheep,simple
AXVL79LAL2OPX,M,English,4,45,6,31,zebra,quick
AXVL79LAL2OPX,M,English,4,45,7,22,owl,loud
AXVL79LAL2OPX,M,English,4,45,8,30,wolf,fast
AXVL79LAL2OPX,M,English,4,45,9,10,dolphin,smart
AXVL79LAL2OPX,M,English,4,45,10,14,fox,sly
AXVL79LAL2OPX,M,English,4,45,11,18,horse,strong
AXVL79LAL2OPX,M,English,4,45,12,32,shark,mean
AXVL79LAL2OPX,M,English,4,45,13,28,tiger,big
AXVL79LAL2OPX,M,English,4,45,14,2,bat,blind
AXVL79LAL2OPX,M,English,4,45,15,16,goose,lovely
AXVL79LAL2OPX,M,English,4,45,16,29,whale,large
AXVL79LAL2OPX,M,English,4,45,17,9,dog,friendly
AXVL79LAL2OPX,M,English,4,45,18,8,cow,dumb
AXVL79LAL2OPX,M,English,4,45,19,4,bee,protective
AXVL79LAL2OPX,M,English,4,45,20,26,rabbit,quick
AXVL79LAL2OPX,M,English,4,45,21,6,buffalo,huge
AXVL79LAL2OPX,M,English,4,45,22,23,ox,strong
AXVL79LAL2OPX,M,English,4,45,23,13,fish,tasty
AXVL79LAL2OPX,M,English,4,45,24,1,ant,busy
AXVL79LAL2OPX,M,English,4,45,25,17,goat,hungry
AXVL79LAL2OPX,M,English,4,45,26,7,cat,playful
AXVL79LAL2OPX,M,English,4,45,27,12,elephant,large
AXVL79LAL2OPX,M,English,4,45,28,21,monkey,nimble
AXVL79LAL2OPX,M,English,4,45,29,25,pig,messy
AXVL79LAL2OPX,M,English,4,45,30,19,kangaroo,speedy
AXVL79LAL2OPX,M,English,4,45,31,11,duck,floating
AXVL79LAL2OPX,M,English,4,45,32,15,frog,ugly
A1BNQ6H4SJZ2X5,M,english,4,35,1,23,ox,strong
A1BNQ6H4SJZ2X5,M,english,4,35,2,15,frog,slimy
A1BNQ6H4SJZ2X5,M,english,4,35,3,28,tiger,fierce
A1BNQ6H4SJZ2X5,M,english,4,35,4,11,duck,noisy
A1BNQ6H4SJZ2X5,M,english,4,35,5,26,rabbit,elusive
A1BNQ6H4SJZ2X5,M,english,4,35,6,7,cat,timid
A1BNQ6H4SJZ2X5,M,english,4,35,7,29,whale,large
A1BNQ6H4SJZ2X5,M,english,4,35,8,22,owl,instinctive
A1BNQ6H4SJZ2X5,M,english,4,35,9,3,bear,bold
A1BNQ6H4SJZ2X5,M,english,4,35,10,8,cow,fat
A1BNQ6H4SJZ2X5,M,english,4,35,11,5,bird,brave
A1BNQ6H4SJZ2X5,M,english,4,35,12,16,goose,wild
A1BNQ6H4SJZ2X5,M,english,4,35,13,6,buffalo,wild
A1BNQ6H4SJZ2X5,M,english,4,35,14,2,bat,scary
A1BNQ6H4SJZ2X5,M,english,4,35,15,30,wolf,angry
A1BNQ6H4SJZ2X5,M,english,4,35,16,1,ant,annoying
A1BNQ6H4SJZ2X5,M,english,4,35,17,21,monkey,funny
A1BNQ6H4SJZ2X5,M,english,4,35,18,20,lion,strong
A1BNQ6H4SJZ2X5,M,english,4,35,19,32,shark,scary
A1BNQ6H4SJZ2X5,M,english,4,35,20,12,elephant,large
A1BNQ6H4SJZ2X5,M,english,4,35,21,14,fox,quick
A1BNQ6H4SJZ2X5,M,english,4,35,22,19,kangaroo,athletic
A1BNQ6H4SJZ2X5,M,english,4,35,23,10,dolphin,friendly
A1BNQ6H4SJZ2X5,M,english,4,35,24,18,horse,fast
A1BNQ6H4SJZ2X5,M,english,4,35,25,27,sheep,shy
A1BNQ6H4SJZ2X5,M,english,4,35,26,13,fish,fast
A1BNQ6H4SJZ2X5,M,english,4,35,27,9,dog,hungry
A1BNQ6H4SJZ2X5,M,english,4,35,28,24,penguin,funny
A1BNQ6H4SJZ2X5,M,english,4,35,29,25,pig,fat
A1BNQ6H4SJZ2X5,M,english,4,35,30,31,zebra,unqiue
A1BNQ6H4SJZ2X5,M,english,4,35,31,4,bee,busy
A1BNQ6H4SJZ2X5,M,english,4,35,32,17,goat,funny
A2359YG3YH3M31,M,English,6,25,1,25,pig,fat
A2359YG3YH3M31,M,English,6,25,2,8,cow,milk
A2359YG3YH3M31,M,English,6,25,3,31,zebra,white
A2359YG3YH3M31,M,English,6,25,4,14,fox,smart
A2359YG3YH3M31,M,English,6,25,5,16,goose,big
A2359YG3YH3M31,M,English,6,25,6,20,lion,angry
A2359YG3YH3M31,M,English,6,25,7,19,kangaroo,cute
A2359YG3YH3M31,M,English,6,25,8,28,tiger,violent
A2359YG3YH3M31,M,English,6,25,9,22,owl,calm
A2359YG3YH3M31,M,English,6,25,10,7,cat,nice
A2359YG3YH3M31,M,English,6,25,11,30,wolf,dangerous
A2359YG3YH3M31,M,English,6,25,12,11,duck,fast
A2359YG3YH3M31,M,English,6,25,13,26,rabbit,fast
A2359YG3YH3M31,M,English,6,25,14,21,monkey,smart
A2359YG3YH3M31,M,English,6,25,15,10,dolphin,fast
A2359YG3YH3M31,M,English,6,25,16,17,goat,strong
A2359YG3YH3M31,M,English,6,25,17,9,dog,cute
A2359YG3YH3M31,M,English,6,25,18,5,bird,loyal
A2359YG3YH3M31,M,English,6,25,19,4,bee,harmful
A2359YG3YH3M31,M,English,6,25,20,2,bat,black
A2359YG3YH3M31,M,English,6,25,21,23,ox,strong
A2359YG3YH3M31,M,English,6,25,22,13,fish,fast
A2359YG3YH3M31,M,English,6,25,23,3,bear,big
A2359YG3YH3M31,M,English,6,25,24,1,ant,small
A2359YG3YH3M31,M,English,6,25,25,12,elephant,big
A2359YG3YH3M31,M,English,6,25,26,18,horse,big
A2359YG3YH3M31,M,English,6,25,27,29,whale,huge
A2359YG3YH3M31,M,English,6,25,28,32,shark,scary
A2359YG3YH3M31,M,English,6,25,29,6,buffalo,strong
A2359YG3YH3M31,M,English,6,25,30,27,sheep,useful
A2359YG3YH3M31,M,English,6,25,31,24,penguin,black
A2359YG3YH3M31,M,English,6,25,32,15,frog,smart
A34ZSF2JSRXIRP,F,english,8,35,1,8,cow,lazy
A34ZSF2JSRXIRP,F,english,8,35,2,21,monkey,smart
A34ZSF2JSRXIRP,F,english,8,35,3,31,zebra,striped
A34ZSF2JSRXIRP,F,english,8,35,4,18,horse,fast
A34ZSF2JSRXIRP,F,english,8,35,5,1,ant,busy
A34ZSF2JSRXIRP,F,english,8,35,6,23,ox,sturdy
A34ZSF2JSRXIRP,F,english,8,35,7,12,elephant,powerful
A34ZSF2JSRXIRP,F,english,8,35,8,17,goat,stubborn
A34ZSF2JSRXIRP,F,english,8,35,9,29,whale,graceful
A34ZSF2JSRXIRP,F,english,8,35,10,24,penguin,social
A34ZSF2JSRXIRP,F,english,8,35,11,5,bird,free
A34ZSF2JSRXIRP,F,english,8,35,12,6,buffalo,steady
A34ZSF2JSRXIRP,F,english,8,35,13,26,rabbit,rapid
A34ZSF2JSRXIRP,F,english,8,35,14,9,dog,loyal
A34ZSF2JSRXIRP,F,english,8,35,15,30,wolf,majestic
A34ZSF2JSRXIRP,F,english,8,35,16,19,kangaroo,solitary
A34ZSF2JSRXIRP,F,english,8,35,17,10,dolphin,nimble
A34ZSF2JSRXIRP,F,english,8,35,18,13,fish,boring
A34ZSF2JSRXIRP,F,english,8,35,19,32,shark,deadly
A34ZSF2JSRXIRP,F,english,8,35,20,2,bat,nocturnal
A34ZSF2JSRXIRP,F,english,8,35,21,15,frog,noisy
A34ZSF2JSRXIRP,F,english,8,35,22,14,fox,sly
A34ZSF2JSRXIRP,F,english,8,35,23,4,bee,industrious
A34ZSF2JSRXIRP,F,english,8,35,24,27,sheep,dumb
A34ZSF2JSRXIRP,F,english,8,35,25,7,cat,stubborn
A34ZSF2JSRXIRP,F,english,8,35,26,3,bear,fierce
A34ZSF2JSRXIRP,F,english,8,35,27,25,pig,misunderstood
A34ZSF2JSRXIRP,F,english,8,35,28,22,owl,wise
A34ZSF2JSRXIRP,F,english,8,35,29,11,duck,patterned
A34ZSF2JSRXIRP,F,english,8,35,30,28,tiger,endangered
A34ZSF2JSRXIRP,F,english,8,35,31,16,goose,mean
A34ZSF2JSRXIRP,F,english,8,35,32,20,lion,deadly
ACGICFVY692HL,M,English,4,35,1,14,fox,small
ACGICFVY692HL,M,English,4,35,2,3,bear,large
ACGICFVY692HL,M,English,4,35,3,32,shark,scary
ACGICFVY692HL,M,English,4,35,4,22,owl,quiet
ACGICFVY692HL,M,English,4,35,5,28,tiger,furious
ACGICFVY692HL,M,English,4,35,6,23,ox,tough
ACGICFVY692HL,M,English,4,35,7,29,whale,big
ACGICFVY692HL,M,English,4,35,8,16,goose,annoying
ACGICFVY692HL,M,English,4,35,9,8,cow,good
ACGICFVY692HL,M,English,4,35,10,20,lion,courageous
ACGICFVY692HL,M,English,4,35,11,12,elephant,proud
ACGICFVY692HL,M,English,4,35,12,1,ant,afraid
ACGICFVY692HL,M,English,4,35,13,21,monkey,funny
ACGICFVY692HL,M,English,4,35,14,18,horse,friendly
ACGICFVY692HL,M,English,4,35,15,5,bird,lively
ACGICFVY692HL,M,English,4,35,16,24,penguin,lazy
ACGICFVY692HL,M,English,4,35,17,2,bat,scary
ACGICFVY692HL,M,English,4,35,18,17,goat,manic
ACGICFVY692HL,M,English,4,35,19,13,fish,repulsive
ACGICFVY692HL,M,English,4,35,20,4,bee,dangerous
ACGICFVY692HL,M,English,4,35,21,15,frog,happy
ACGICFVY692HL,M,English,4,35,22,7,cat,lazy
ACGICFVY692HL,M,English,4,35,23,31,zebra,charming
ACGICFVY692HL,M,English,4,35,24,26,rabbit,tense
ACGICFVY692HL,M,English,4,35,25,11,duck,annoying
ACGICFVY692HL,M,English,4,35,26,25,pig,gentle
ACGICFVY692HL,M,English,4,35,27,19,kangaroo,manic
ACGICFVY692HL,M,English,4,35,28,30,wolf,scary
ACGICFVY692HL,M,English,4,35,29,27,sheep,timid
ACGICFVY692HL,M,English,4,35,30,9,dog,friendly
ACGICFVY692HL,M,English,4,35,31,10,dolphin,friendly
ACGICFVY692HL,M,English,4,35,32,6,buffalo,gentle
AST33WVZ5QC05,F,English,4,45,1,5,bird,beautiful
AST33WVZ5QC05,F,English,4,45,2,14,fox,sly
AST33WVZ5QC05,F,English,4,45,3,23,ox,strong
AST33WVZ5QC05,F,English,4,45,4,29,whale,large
AST33WVZ5QC05,F,English,4,45,5,15,frog,green
AST33WVZ5QC05,F,English,4,45,6,28,tiger,fierce
AST33WVZ5QC05,F,English,4,45,7,2,bat,black
AST33WVZ5QC05,F,English,4,45,8,4,bee,striped
AST33WVZ5QC05,F,English,4,45,9,30,wolf,gray
AST33WVZ5QC05,F,English,4,45,10,19,kangaroo,tan
AST33WVZ5QC05,F,English,4,45,11,22,owl,wise
AST33WVZ5QC05,F,English,4,45,12,17,goat,stubborn
AST33WVZ5QC05,F,English,4,45,13,16,goose,white
AST33WVZ5QC05,F,English,4,45,14,31,zebra,striped
AST33WVZ5QC05,F,English,4,45,15,13,fish,smelly
AST33WVZ5QC05,F,English,4,45,16,11,duck,yellow
AST33WVZ5QC05,F,English,4,45,17,24,penguin,cold
AST33WVZ5QC05,F,English,4,45,18,8,cow,brown
AST33WVZ5QC05,F,English,4,45,19,9,dog,dirty
AST33WVZ5QC05,F,English,4,45,20,10,dolphin,fun
AST33WVZ5QC05,F,English,4,45,21,20,lion,brave
AST33WVZ5QC05,F,English,4,45,22,26,rabbit,white
AST33WVZ5QC05,F,English,4,45,23,12,elephant,huge
AST33WVZ5QC05,F,English,4,45,24,21,monkey,silly
AST33WVZ5QC05,F,English,4,45,25,32,shark,sharp
AST33WVZ5QC05,F,English,4,45,26,6,buffalo,wild
AST33WVZ5QC05,F,English,4,45,27,3,bear,fierce
AST33WVZ5QC05,F,English,4,45,28,7,cat,soft
AST33WVZ5QC05,F,English,4,45,29,27,sheep,wooly
AST33WVZ5QC05,F,English,4,45,30,25,pig,filthy
AST33WVZ5QC05,F,English,4,45,31,18,horse,pretty
AST33WVZ5QC05,F,English,4,45,32,1,ant,little
A6HKCHY1RVBK7,F,English,6,35,1,5,bird,dirty
A6HKCHY1RVBK7,F,English,6,35,2,21,monkey,funny
A6HKCHY1RVBK7,F,English,6,35,3,19,kangaroo,feisty
A6HKCHY1RVBK7,F,English,6,35,4,31,zebra,big
A6HKCHY1RVBK7,F,English,6,35,5,28,tiger,scary
A6HKCHY1RVBK7,F,English,6,35,6,22,owl,sleepy
A6HKCHY1RVBK7,F,English,6,35,7,13,fish,slimey
A6HKCHY1RVBK7,F,English,6,35,8,18,horse,beautiful
A6HKCHY1RVBK7,F,English,6,35,9,30,wolf,furry
A6HKCHY1RVBK7,F,English,6,35,10,27,sheep,fuzzy
A6HKCHY1RVBK7,F,English,6,35,11,10,dolphin,friendly
A6HKCHY1RVBK7,F,English,6,35,12,23,ox,strong
A6HKCHY1RVBK7,F,English,6,35,13,25,pig,stinky
A6HKCHY1RVBK7,F,English,6,35,14,17,goat,noisy
A6HKCHY1RVBK7,F,English,6,35,15,14,fox,sneaky
A6HKCHY1RVBK7,F,English,6,35,16,6,buffalo,lonely
A6HKCHY1RVBK7,F,English,6,35,17,20,lion,scary
A6HKCHY1RVBK7,F,English,6,35,18,15,frog,slippery
A6HKCHY1RVBK7,F,English,6,35,19,11,duck,creepy
A6HKCHY1RVBK7,F,English,6,35,20,7,cat,playful
A6HKCHY1RVBK7,F,English,6,35,21,12,elephant,huge
A6HKCHY1RVBK7,F,English,6,35,22,32,shark,dangerous
A6HKCHY1RVBK7,F,English,6,35,23,8,cow,fat
A6HKCHY1RVBK7,F,English,6,35,24,4,bee,noisy
A6HKCHY1RVBK7,F,English,6,35,25,16,goose,stinky
A6HKCHY1RVBK7,F,English,6,35,26,29,whale,friendly
A6HKCHY1RVBK7,F,English,6,35,27,2,bat,scary
A6HKCHY1RVBK7,F,English,6,35,28,9,dog,friendly
A6HKCHY1RVBK7,F,English,6,35,29,1,ant,tiny
A6HKCHY1RVBK7,F,English,6,35,30,24,penguin,slippery
A6HKCHY1RVBK7,F,English,6,35,31,3,bear,hairy
A6HKCHY1RVBK7,F,English,6,35,32,26,rabbit,jumpy
A2LEY4X3LD8G26,M,English,10,35,1,10,dolphin,intelligent
A2LEY4X3LD8G26,M,English,10,35,2,11,duck,small
A2LEY4X3LD8G26,M,English,10,35,3,30,wolf,hungry
A2LEY4X3LD8G26,M,English,10,35,4,21,monkey,stupid
A2LEY4X3LD8G26,M,English,10,35,5,3,bear,big
A2LEY4X3LD8G26,M,English,10,35,6,28,tiger,dangerous
A2LEY4X3LD8G26,M,English,10,35,7,31,zebra,striped
A2LEY4X3LD8G26,M,English,10,35,8,27,sheep,slow
A2LEY4X3LD8G26,M,English,10,35,9,25,pig,dirty
A2LEY4X3LD8G26,M,English,10,35,10,5,bird,feathery
A2LEY4X3LD8G26,M,English,10,35,11,24,penguin,smooth
A2LEY4X3LD8G26,M,English,10,35,12,15,frog,slimy
A2LEY4X3LD8G26,M,English,10,35,13,4,bee,busy
A2LEY4X3LD8G26,M,English,10,35,14,22,owl,smart
A2LEY4X3LD8G26,M,English,10,35,15,7,cat,clever
A2LEY4X3LD8G26,M,English,10,35,16,12,elephant,huge
A2LEY4X3LD8G26,M,English,10,35,17,1,ant,tiny
A2LEY4X3LD8G26,M,English,10,35,18,23,ox,strong
A2LEY4X3LD8G26,M,English,10,35,19,18,horse,fast
A2LEY4X3LD8G26,M,English,10,35,20,13,fish,sleepy
A2LEY4X3LD8G26,M,English,10,35,21,9,dog,friendly
A2LEY4X3LD8G26,M,English,10,35,22,32,shark,hungry
A2LEY4X3LD8G26,M,English,10,35,23,29,whale,large
A2LEY4X3LD8G26,M,English,10,35,24,16,goose,cold
A2LEY4X3LD8G26,M,English,10,35,25,2,bat,blind
A2LEY4X3LD8G26,M,English,10,35,26,20,lion,mighty
A2LEY4X3LD8G26,M,English,10,35,27,26,rabbit,quick
A2LEY4X3LD8G26,M,English,10,35,28,19,kangaroo,jumpy
A2LEY4X3LD8G26,M,English,10,35,29,8,cow,sturdy
A2LEY4X3LD8G26,M,English,10,35,30,14,fox,clever
A2LEY4X3LD8G26,M,English,10,35,31,17,goat,dumb
A2LEY4X3LD8G26,M,English,10,35,32,6,buffalo,athletic
A170EDGL8ZWMSL,M,English ,10,45,1,26,rabbit,furry 
A170EDGL8ZWMSL,M,English ,10,45,2,20,lion,king
A170EDGL8ZWMSL,M,English ,10,45,3,23,ox,strong
A170EDGL8ZWMSL,M,English ,10,45,4,28,tiger,beautiful 
A170EDGL8ZWMSL,M,English ,10,45,5,16,goose,fly
A170EDGL8ZWMSL,M,English ,10,45,6,11,duck,quack 
A170EDGL8ZWMSL,M,English ,10,45,7,1,ant,sting 
A170EDGL8ZWMSL,M,English ,10,45,8,9,dog,bark 
A170EDGL8ZWMSL,M,English ,10,45,9,15,frog,jump 
A170EDGL8ZWMSL,M,English ,10,45,10,5,bird,fly 
A170EDGL8ZWMSL,M,English ,10,45,11,2,bat,wings 
A170EDGL8ZWMSL,M,English ,10,45,12,10,dolphin,smart 
A170EDGL8ZWMSL,M,English ,10,45,13,8,cow,cud 
A170EDGL8ZWMSL,M,English ,10,45,14,22,owl,eyes 
A170EDGL8ZWMSL,M,English ,10,45,15,27,sheep,cotton 
A170EDGL8ZWMSL,M,English ,10,45,16,14,fox,sly 
A170EDGL8ZWMSL,M,English ,10,45,17,7,cat,pet 
A170EDGL8ZWMSL,M,English ,10,45,18,6,buffalo,massive 
A170EDGL8ZWMSL,M,English ,10,45,19,21,monkey,funny 
A170EDGL8ZWMSL,M,English ,10,45,20,24,penguin,dedicated 
A170EDGL8ZWMSL,M,English ,10,45,21,25,pig,mud 
A170EDGL8ZWMSL,M,English ,10,45,22,4,bee,honey 
A170EDGL8ZWMSL,M,English ,10,45,23,18,horse,pretty 
A170EDGL8ZWMSL,M,English ,10,45,24,17,goat,grass 
A170EDGL8ZWMSL,M,English ,10,45,25,29,whale,majestic 
A170EDGL8ZWMSL,M,English ,10,45,26,19,kangaroo,hop 
A170EDGL8ZWMSL,M,English ,10,45,27,32,shark,jaws 
A170EDGL8ZWMSL,M,English ,10,45,28,31,zebra,stripes 
A170EDGL8ZWMSL,M,English ,10,45,29,12,elephant,trunk 
A170EDGL8ZWMSL,M,English ,10,45,30,3,bear,grizzly 
A170EDGL8ZWMSL,M,English ,10,45,31,13,fish,river 
A170EDGL8ZWMSL,M,English ,10,45,32,30,wolf,pack
A24U1CVP9MPV24,M,English,4,35,1,16,goose,gray
A24U1CVP9MPV24,M,English,4,35,2,31,zebra,stripped
A24U1CVP9MPV24,M,English,4,35,3,4,bee,angry
A24U1CVP9MPV24,M,English,4,35,4,19,kangaroo,bouncy
A24U1CVP9MPV24,M,English,4,35,5,30,wolf,fierce
A24U1CVP9MPV24,M,English,4,35,6,23,ox,strong
A24U1CVP9MPV24,M,English,4,35,7,14,fox,sly
A24U1CVP9MPV24,M,English,4,35,8,20,lion,strong
A24U1CVP9MPV24,M,English,4,35,9,25,pig,fat
A24U1CVP9MPV24,M,English,4,35,10,32,shark,mean
A24U1CVP9MPV24,M,English,4,35,11,2,bat,eerie
A24U1CVP9MPV24,M,English,4,35,12,5,bird,graceful
A24U1CVP9MPV24,M,English,4,35,13,21,monkey,intelligent
A24U1CVP9MPV24,M,English,4,35,14,10,dolphin,sleek
A24U1CVP9MPV24,M,English,4,35,15,9,dog,loyal
A24U1CVP9MPV24,M,English,4,35,16,15,frog,slippery
A24U1CVP9MPV24,M,English,4,35,17,27,sheep,wooly
A24U1CVP9MPV24,M,English,4,35,18,29,whale,large
A24U1CVP9MPV24,M,English,4,35,19,6,buffalo,giant
A24U1CVP9MPV24,M,English,4,35,20,28,tiger,dominant
A24U1CVP9MPV24,M,English,4,35,21,18,horse,fast
A24U1CVP9MPV24,M,English,4,35,22,26,rabbit,fluffy
A24U1CVP9MPV24,M,English,4,35,23,11,duck,oily
A24U1CVP9MPV24,M,English,4,35,24,8,cow,dumb
A24U1CVP9MPV24,M,English,4,35,25,13,fish,graceful
A24U1CVP9MPV24,M,English,4,35,26,17,goat,unattractive
A24U1CVP9MPV24,M,English,4,35,27,3,bear,large
A24U1CVP9MPV24,M,English,4,35,28,1,ant,strong
A24U1CVP9MPV24,M,English,4,35,29,12,elephant,massive
A24U1CVP9MPV24,M,English,4,35,30,22,owl,wise
A24U1CVP9MPV24,M,English,4,35,31,7,cat,stealthy
A24U1CVP9MPV24,M,English,4,35,32,24,penguin,cold
A70AS0KVKADBY,F,English,4,35,1,15,frog,slimy
A70AS0KVKADBY,F,English,4,35,2,4,bee,aggressive 
A70AS0KVKADBY,F,English,4,35,3,32,shark,vicious 
A70AS0KVKADBY,F,English,4,35,4,14,fox,cunning
A70AS0KVKADBY,F,English,4,35,5,30,wolf,fierce
A70AS0KVKADBY,F,English,4,35,6,29,whale,large
A70AS0KVKADBY,F,English,4,35,7,22,owl,sharp
A70AS0KVKADBY,F,English,4,35,8,23,ox,big
A70AS0KVKADBY,F,English,4,35,9,3,bear,hungry
A70AS0KVKADBY,F,English,4,35,10,16,goose,loud
A70AS0KVKADBY,F,English,4,35,11,19,kangaroo,cute
A70AS0KVKADBY,F,English,4,35,12,7,cat,finicky
A70AS0KVKADBY,F,English,4,35,13,12,elephant,huge
A70AS0KVKADBY,F,English,4,35,14,13,fish,scaly
A70AS0KVKADBY,F,English,4,35,15,10,dolphin,smart
A70AS0KVKADBY,F,English,4,35,16,6,buffalo,large
A70AS0KVKADBY,F,English,4,35,17,24,penguin,silly
A70AS0KVKADBY,F,English,4,35,18,8,cow,large
A70AS0KVKADBY,F,English,4,35,19,28,tiger,ruthless
A70AS0KVKADBY,F,English,4,35,20,5,bird,quick
A70AS0KVKADBY,F,English,4,35,21,11,duck,fun
A70AS0KVKADBY,F,English,4,35,22,26,rabbit,fast
A70AS0KVKADBY,F,English,4,35,23,2,bat,creepy
A70AS0KVKADBY,F,English,4,35,24,21,monkey,funny
A70AS0KVKADBY,F,English,4,35,25,9,dog,loyal
A70AS0KVKADBY,F,English,4,35,26,17,goat,fluffy
A70AS0KVKADBY,F,English,4,35,27,1,ant,strong
A70AS0KVKADBY,F,English,4,35,28,27,sheep,soft
A70AS0KVKADBY,F,English,4,35,29,31,zebra,striped
A70AS0KVKADBY,F,English,4,35,30,18,horse,intelligent
A70AS0KVKADBY,F,English,4,35,31,25,pig,dirty
A70AS0KVKADBY,F,English,4,35,32,20,lion,dominant
A2IDNLHDBEMYC4,F,English,4,55,1,13,fish,golden
A2IDNLHDBEMYC4,F,English,4,55,2,30,wolf,furry
A2IDNLHDBEMYC4,F,English,4,55,3,21,monkey,brown
A2IDNLHDBEMYC4,F,English,4,55,4,20,lion,african
A2IDNLHDBEMYC4,F,English,4,55,5,16,goose,golden
A2IDNLHDBEMYC4,F,English,4,55,6,5,bird,colorful
A2IDNLHDBEMYC4,F,English,4,55,7,32,shark,tiny
A2IDNLHDBEMYC4,F,English,4,55,8,19,kangaroo,wild
A2IDNLHDBEMYC4,F,English,4,55,9,11,duck,dirty
A2IDNLHDBEMYC4,F,English,4,55,10,14,fox,brown
A2IDNLHDBEMYC4,F,English,4,55,11,18,horse,big
A2IDNLHDBEMYC4,F,English,4,55,12,15,frog,green
A2IDNLHDBEMYC4,F,English,4,55,13,23,ox,strong
A2IDNLHDBEMYC4,F,English,4,55,14,3,bear,brown
A2IDNLHDBEMYC4,F,English,4,55,15,1,ant,red
A2IDNLHDBEMYC4,F,English,4,55,16,27,sheep,wooly
A2IDNLHDBEMYC4,F,English,4,55,17,28,tiger,striped
A2IDNLHDBEMYC4,F,English,4,55,18,2,bat,black
A2IDNLHDBEMYC4,F,English,4,55,19,6,buffalo,brown
A2IDNLHDBEMYC4,F,English,4,55,20,12,elephant,big
A2IDNLHDBEMYC4,F,English,4,55,21,25,pig,pink
A2IDNLHDBEMYC4,F,English,4,55,22,26,rabbit,white
A2IDNLHDBEMYC4,F,English,4,55,23,8,cow,black
A2IDNLHDBEMYC4,F,English,4,55,24,4,bee,yellow
A2IDNLHDBEMYC4,F,English,4,55,25,31,zebra,striped
A2IDNLHDBEMYC4,F,English,4,55,26,29,whale,giant
A2IDNLHDBEMYC4,F,English,4,55,27,10,dolphin,gray
A2IDNLHDBEMYC4,F,English,4,55,28,22,owl,tufted
A2IDNLHDBEMYC4,F,English,4,55,29,7,cat,spotted
A2IDNLHDBEMYC4,F,English,4,55,30,24,penguin,tuxodoed
A2IDNLHDBEMYC4,F,English,4,55,31,17,goat,gray
A2IDNLHDBEMYC4,F,English,4,55,32,9,dog,black
A10XYFXQYJKBXF,M,ENGLISH,4,65,1,21,monkey,smart
A10XYFXQYJKBXF,M,ENGLISH,4,65,2,27,sheep,white
A10XYFXQYJKBXF,M,ENGLISH,4,65,3,28,tiger,bengal
A10XYFXQYJKBXF,M,ENGLISH,4,65,4,17,goat,milk
A10XYFXQYJKBXF,M,ENGLISH,4,65,5,25,pig,blood
A10XYFXQYJKBXF,M,ENGLISH,4,65,6,18,horse,race
A10XYFXQYJKBXF,M,ENGLISH,4,65,7,20,lion,mountain
A10XYFXQYJKBXF,M,ENGLISH,4,65,8,14,fox,red
A10XYFXQYJKBXF,M,ENGLISH,4,65,9,5,bird,blue
A10XYFXQYJKBXF,M,ENGLISH,4,65,10,4,bee,honey
A10XYFXQYJKBXF,M,ENGLISH,4,65,11,32,shark,white
A10XYFXQYJKBXF,M,ENGLISH,4,65,12,31,zebra,stripe
A10XYFXQYJKBXF,M,ENGLISH,4,65,13,10,dolphin,inteligent
A10XYFXQYJKBXF,M,ENGLISH,4,65,14,3,bear,black
A10XYFXQYJKBXF,M,ENGLISH,4,65,15,1,ant,fire
A10XYFXQYJKBXF,M,ENGLISH,4,65,16,9,dog,big
A10XYFXQYJKBXF,M,ENGLISH,4,65,17,6,buffalo,blue
A10XYFXQYJKBXF,M,ENGLISH,4,65,18,16,goose,white
A10XYFXQYJKBXF,M,ENGLISH,4,65,19,30,wolf,grey
A10XYFXQYJKBXF,M,ENGLISH,4,65,20,24,penguin,funny
A10XYFXQYJKBXF,M,ENGLISH,4,65,21,8,cow,brown
A10XYFXQYJKBXF,M,ENGLISH,4,65,22,23,ox,big
A10XYFXQYJKBXF,M,ENGLISH,4,65,23,12,elephant,african
A10XYFXQYJKBXF,M,ENGLISH,4,65,24,29,whale,sperm
A10XYFXQYJKBXF,M,ENGLISH,4,65,25,7,cat,jungle
A10XYFXQYJKBXF,M,ENGLISH,4,65,26,22,owl,night
A10XYFXQYJKBXF,M,ENGLISH,4,65,27,19,kangaroo,jumping
A10XYFXQYJKBXF,M,ENGLISH,4,65,28,13,fish,fried
A10XYFXQYJKBXF,M,ENGLISH,4,65,29,11,duck,blind
A10XYFXQYJKBXF,M,ENGLISH,4,65,30,26,rabbit,fast
A10XYFXQYJKBXF,M,ENGLISH,4,65,31,15,frog,jumping
A10XYFXQYJKBXF,M,ENGLISH,4,65,32,2,bat,ding
A1KAM5ZQ964VBE,F,English,4,65,1,29,whale,enormous
A1KAM5ZQ964VBE,F,English,4,65,2,5,bird,flying
A1KAM5ZQ964VBE,F,English,4,65,3,19,kangaroo,jumping
A1KAM5ZQ964VBE,F,English,4,65,4,31,zebra,striped
A1KAM5ZQ964VBE,F,English,4,65,5,28,tiger,fierce
A1KAM5ZQ964VBE,F,English,4,65,6,21,monkey,crazy
A1KAM5ZQ964VBE,F,English,4,65,7,18,horse,galloping
A1KAM5ZQ964VBE,F,English,4,65,8,13,fish,colorful
A1KAM5ZQ964VBE,F,English,4,65,9,15,frog,green
A1KAM5ZQ964VBE,F,English,4,65,10,8,cow,mooing
A1KAM5ZQ964VBE,F,English,4,65,11,30,wolf,lone
A1KAM5ZQ964VBE,F,English,4,65,12,1,ant,industrious
A1KAM5ZQ964VBE,F,English,4,65,13,26,rabbit,fast
A1KAM5ZQ964VBE,F,English,4,65,14,23,ox,strong
A1KAM5ZQ964VBE,F,English,4,65,15,20,lion,magnificent
A1KAM5ZQ964VBE,F,English,4,65,16,9,dog,playful
A1KAM5ZQ964VBE,F,English,4,65,17,27,sheep,woolly
A1KAM5ZQ964VBE,F,English,4,65,18,11,duck,quacking
A1KAM5ZQ964VBE,F,English,4,65,19,24,penguin,cold
A1KAM5ZQ964VBE,F,English,4,65,20,7,cat,independent
A1KAM5ZQ964VBE,F,English,4,65,21,14,fox,wily
A1KAM5ZQ964VBE,F,English,4,65,22,3,bear,lumbering
A1KAM5ZQ964VBE,F,English,4,65,23,32,shark,deadly
A1KAM5ZQ964VBE,F,English,4,65,24,6,buffalo,western
A1KAM5ZQ964VBE,F,English,4,65,25,12,elephant,gray
A1KAM5ZQ964VBE,F,English,4,65,26,22,owl,wise
A1KAM5ZQ964VBE,F,English,4,65,27,2,bat,swooping
A1KAM5ZQ964VBE,F,English,4,65,28,16,goose,honking
A1KAM5ZQ964VBE,F,English,4,65,29,17,goat,comical
A1KAM5ZQ964VBE,F,English,4,65,30,10,dolphin,friendly
A1KAM5ZQ964VBE,F,English,4,65,31,25,pig,squealing
A1KAM5ZQ964VBE,F,English,4,65,32,4,bee,honey
A2Y7SB7MPA07AD,M,English,4,45,1,3,bear,terrifying
A2Y7SB7MPA07AD,M,English,4,45,2,32,shark,terrifying
A2Y7SB7MPA07AD,M,English,4,45,3,17,goat,mellow
A2Y7SB7MPA07AD,M,English,4,45,4,11,duck,nice
A2Y7SB7MPA07AD,M,English,4,45,5,30,wolf,scarey
A2Y7SB7MPA07AD,M,English,4,45,6,31,zebra,mellow
A2Y7SB7MPA07AD,M,English,4,45,7,27,sheep,nice
A2Y7SB7MPA07AD,M,English,4,45,8,24,penguin,funny
A2Y7SB7MPA07AD,M,English,4,45,9,22,owl,smart
A2Y7SB7MPA07AD,M,English,4,45,10,14,fox,sly
A2Y7SB7MPA07AD,M,English,4,45,11,1,ant,small
A2Y7SB7MPA07AD,M,English,4,45,12,21,monkey,smart
A2Y7SB7MPA07AD,M,English,4,45,13,23,ox,big
A2Y7SB7MPA07AD,M,English,4,45,14,13,fish,small
A2Y7SB7MPA07AD,M,English,4,45,15,25,pig,dirty
A2Y7SB7MPA07AD,M,English,4,45,16,6,buffalo,large
A2Y7SB7MPA07AD,M,English,4,45,17,12,elephant,smart
A2Y7SB7MPA07AD,M,English,4,45,18,16,goose,dirty
A2Y7SB7MPA07AD,M,English,4,45,19,7,cat,affectionate
A2Y7SB7MPA07AD,M,English,4,45,20,5,bird,elegant
A2Y7SB7MPA07AD,M,English,4,45,21,2,bat,threatening
A2Y7SB7MPA07AD,M,English,4,45,22,28,tiger,terrifying
A2Y7SB7MPA07AD,M,English,4,45,23,18,horse,elegant
A2Y7SB7MPA07AD,M,English,4,45,24,26,rabbit,fluffy
A2Y7SB7MPA07AD,M,English,4,45,25,20,lion,terrifying
A2Y7SB7MPA07AD,M,English,4,45,26,29,whale,large
A2Y7SB7MPA07AD,M,English,4,45,27,9,dog,loyal
A2Y7SB7MPA07AD,M,English,4,45,28,4,bee,busy
A2Y7SB7MPA07AD,M,English,4,45,29,10,dolphin,smart
A2Y7SB7MPA07AD,M,English,4,45,30,8,cow,mellow
A2Y7SB7MPA07AD,M,English,4,45,31,19,kangaroo,angry
A2Y7SB7MPA07AD,M,English,4,45,32,15,frog,small
A26K97D0HSO6M4,M,English,4,25,1,25,pig,filthy
A26K97D0HSO6M4,M,English,4,25,2,9,dog,happy
A26K97D0HSO6M4,M,English,4,25,3,18,horse,efficient
A26K97D0HSO6M4,M,English,4,25,4,32,shark,scary
A26K97D0HSO6M4,M,English,4,25,5,31,zebra,exotic
A26K97D0HSO6M4,M,English,4,25,6,5,bird,fast
A26K97D0HSO6M4,M,English,4,25,7,21,monkey,curious
A26K97D0HSO6M4,M,English,4,25,8,27,sheep,stupid
A26K97D0HSO6M4,M,English,4,25,9,16,goose,boring
A26K97D0HSO6M4,M,English,4,25,10,23,ox,tough
A26K97D0HSO6M4,M,English,4,25,11,8,cow,fat
A26K97D0HSO6M4,M,English,4,25,12,29,whale,smart
A26K97D0HSO6M4,M,English,4,25,13,3,bear,rare
A26K97D0HSO6M4,M,English,4,25,14,26,rabbit,frightened
A26K97D0HSO6M4,M,English,4,25,15,12,elephant,big
A26K97D0HSO6M4,M,English,4,25,16,6,buffalo,old
A26K97D0HSO6M4,M,English,4,25,17,15,frog,green
A26K97D0HSO6M4,M,English,4,25,18,30,wolf,cold
A26K97D0HSO6M4,M,English,4,25,19,22,owl,dark
A26K97D0HSO6M4,M,English,4,25,20,2,bat,ugly
A26K97D0HSO6M4,M,English,4,25,21,20,lion,proud
A26K97D0HSO6M4,M,English,4,25,22,1,ant,small
A26K97D0HSO6M4,M,English,4,25,23,14,fox,pretty
A26K97D0HSO6M4,M,English,4,25,24,7,cat,mean
A26K97D0HSO6M4,M,English,4,25,25,24,penguin,cold
A26K97D0HSO6M4,M,English,4,25,26,13,fish,wet
A26K97D0HSO6M4,M,English,4,25,27,4,bee,angry
A26K97D0HSO6M4,M,English,4,25,28,11,duck,funny
A26K97D0HSO6M4,M,English,4,25,29,28,tiger,striped
A26K97D0HSO6M4,M,English,4,25,30,17,goat,dumb
A26K97D0HSO6M4,M,English,4,25,31,10,dolphin,intelligent
A26K97D0HSO6M4,M,English,4,25,32,19,kangaroo,protective
AVPKE76DJLWK6,M,english,4,35,1,25,pig,muddy
AVPKE76DJLWK6,M,english,4,35,2,29,whale,mouthy
AVPKE76DJLWK6,M,english,4,35,3,5,bird,annoying
AVPKE76DJLWK6,M,english,4,35,4,23,ox,beleaguered 
AVPKE76DJLWK6,M,english,4,35,5,10,dolphin,omnifutuant 
AVPKE76DJLWK6,M,english,4,35,6,2,bat,cute
AVPKE76DJLWK6,M,english,4,35,7,12,elephant,resentful
AVPKE76DJLWK6,M,english,4,35,8,27,sheep,forgetful
AVPKE76DJLWK6,M,english,4,35,9,6,buffalo,hairy
AVPKE76DJLWK6,M,english,4,35,10,19,kangaroo,boring
AVPKE76DJLWK6,M,english,4,35,11,14,fox,sly
AVPKE76DJLWK6,M,english,4,35,12,28,tiger,toothy
AVPKE76DJLWK6,M,english,4,35,13,31,zebra,delicacy
AVPKE76DJLWK6,M,english,4,35,14,32,shark,misunderstood
AVPKE76DJLWK6,M,english,4,35,15,13,fish,scaly 
AVPKE76DJLWK6,M,english,4,35,16,3,bear,furry
AVPKE76DJLWK6,M,english,4,35,17,7,cat,totalitarian 
AVPKE76DJLWK6,M,english,4,35,18,11,duck,delicious
AVPKE76DJLWK6,M,english,4,35,19,24,penguin,dapper 
AVPKE76DJLWK6,M,english,4,35,20,8,cow,stupid
AVPKE76DJLWK6,M,english,4,35,21,26,rabbit,prodigious
AVPKE76DJLWK6,M,english,4,35,22,20,lion,ferocious
AVPKE76DJLWK6,M,english,4,35,23,17,goat,omnivorous 
AVPKE76DJLWK6,M,english,4,35,24,22,owl,killer
AVPKE76DJLWK6,M,english,4,35,25,4,bee,capable
AVPKE76DJLWK6,M,english,4,35,26,1,ant,strong
AVPKE76DJLWK6,M,english,4,35,27,18,horse,sleek
AVPKE76DJLWK6,M,english,4,35,28,30,wolf,mangy 
AVPKE76DJLWK6,M,english,4,35,29,15,frog,furtive
AVPKE76DJLWK6,M,english,4,35,30,16,goose,obnoxious
AVPKE76DJLWK6,M,english,4,35,31,21,monkey,curious
AVPKE76DJLWK6,M,english,4,35,32,9,dog,tolerant
